FavouritesCount-0,z-score-1,FavouritesCount-1,FavouritesCount,FriendsCount-0,z-score-2,FriendsCount,StatusesCount-0,z-score-3,StatusesCount,isVerified,isTranslator,location,Lang-o,Lang,isRetweetedByMe
22666,2.418526543,0.754,>0.5,17,0.001136409,0,12129,0.054410648,0.161,FALSE,FALSE,null,de,others,FALSE
3804,-0.237332311,0.126,<0.5,17,0.001136409,0,22,-0.754913078,0,FALSE,FALSE,null,en,eng,FALSE
1630,-0.543441799,0.054,<0.5,1,6.68476E-05,0,78,-0.751169613,0.001,FALSE,FALSE,null,en,eng,FALSE
809,-0.659042484,0.026,<0.5,0,0,0,571,-0.718213753,0.007,FALSE,FALSE,North West- England,en,eng,FALSE
550,-0.695510909,0.018,<0.5,0,0,0,670,-0.711595842,0.008,FALSE,FALSE,null,en,eng,FALSE
269,-0.735077039,0.008,<0.5,10,0.000668476,0,626,-0.714537136,0.008,FALSE,FALSE,null,en,eng,FALSE
246,-0.738315548,0.008,<0.5,10,0.000668476,0,26,-0.754645688,0,FALSE,FALSE,null,en,eng,FALSE
74,-0.762533962,0.002,<0.5,4,0.00026739,0,3436,-0.526695419,0.045,FALSE,FALSE,null,en,eng,FALSE
90,-0.760281086,0.002,<0.5,8,0.000534781,0,1539,-0.65350529,0.02,FALSE,FALSE,null,en,eng,FALSE
39,-0.767462127,0.001,<0.5,5,0.000334238,0,4567,-0.451090799,0.06,FALSE,FALSE,null,en,eng,FALSE
0,-0.772953512,0,<0.5,7,0.000467933,0,39313,1.87159543,0.524,FALSE,FALSE,null,en,eng,FALSE
3,-0.772531098,0,<0.5,0,0,0,26165,0.992683367,0.349,FALSE,FALSE,Club Cheezy,en,eng,FALSE
0,-0.772953512,0,<0.5,7,0.000467933,0,22789,0.767005916,0.304,FALSE,FALSE,United Kingdom,en,eng,FALSE
0,-0.772953512,0,<0.5,0,0,0,5754,-0.371742714,0.076,FALSE,FALSE,null,en,eng,FALSE
0,-0.772953512,0,<0.5,3,0.000200543,0,4636,-0.446478316,0.061,TRUE,FALSE,null,en,eng,FALSE
0,-0.772953512,0,<0.5,2,0.000133695,0,4539,-0.452962531,0.06,FALSE,FALSE,null,en,eng,FALSE
1,-0.772812707,0,<0.5,11,0.000735323,0,303,-0.736128906,0.004,FALSE,FALSE,Republic of the Philippines,en,eng,FALSE
1,-0.772812707,0,<0.5,11,0.000735323,0,302,-0.736195754,0.004,FALSE,FALSE,Republic of the Philippines,en,eng,FALSE
0,-0.772953512,0,<0.5,1,6.68476E-05,0,220,-0.741677256,0.002,FALSE,FALSE,null,en,eng,FALSE
2,-0.772671902,0,<0.5,0,0,0,55,-0.752707108,0,FALSE,FALSE,null,en,eng,FALSE
4,-0.772390293,0,<0.5,4,0.00026739,0,38,-0.753843517,0,FALSE,FALSE,null,en,eng,FALSE
30,-0.76872937,0,<0.5,9,0.000601628,0,28,-0.754511993,0,FALSE,FALSE,null,en,eng,FALSE
21,-0.769996612,0,<0.5,18,0.001203257,0,20,-0.755046773,0,FALSE,FALSE,Richmond Hill- Ontario,en,eng,FALSE
29,-0.768870175,0,<0.5,4,0.00026739,0,11,-0.755648402,0,FALSE,FALSE,South Africa,en,eng,FALSE
0,-0.772953512,0,<0.5,17,0.001136409,0,1,-0.756316877,0,FALSE,FALSE,null,en,eng,FALSE
1,-0.772812707,0,<0.5,7,0.000467933,0,1,-0.756316877,0,FALSE,FALSE,null,en,eng,FALSE
1430,-0.571602745,0.047,<0.5,28,0.001871732,0.001,595,-0.716609411,0.007,FALSE,FALSE,null,en,eng,FALSE
1009,-0.630881537,0.033,<0.5,33,0.00220597,0.001,484,-0.724029493,0.006,FALSE,FALSE,Bayonne- France,fr,others,FALSE
699,-0.674531004,0.023,<0.5,33,0.00220597,0.001,2622,-0.581109354,0.034,FALSE,FALSE,Pittsburgh- PA,en,eng,FALSE
626,-0.68480975,0.02,<0.5,32,0.002139123,0.001,2241,-0.606578284,0.029,FALSE,FALSE,null,en,eng,FALSE
622,-0.685372969,0.02,<0.5,30,0.002005428,0.001,1073,-0.684656265,0.014,FALSE,FALSE,Toronto- Canada,en,eng,FALSE
201,-0.744651761,0.006,<0.5,21,0.001403799,0.001,489,-0.723695255,0.006,FALSE,FALSE,null,en,eng,FALSE
126,-0.755212116,0.004,<0.5,34,0.002272818,0.001,538,-0.720419724,0.007,FALSE,FALSE,Fort Hood- TX,en,eng,FALSE
113,-0.757042577,0.003,<0.5,31,0.002072275,0.001,228,-0.741142475,0.003,FALSE,FALSE,Romford- London,en,eng,FALSE
65,-0.763801204,0.002,<0.5,36,0.002406513,0.001,6,-0.755982639,0,FALSE,FALSE,null,fr,others,FALSE
54,-0.765350056,0.001,<0.5,32,0.002139123,0.001,1888,-0.630175482,0.025,FALSE,FALSE,Wales- United Kingdom,en,eng,FALSE
54,-0.765350056,0.001,<0.5,32,0.002139123,0.001,1887,-0.63024233,0.025,FALSE,FALSE,Wales- United Kingdom,en,eng,FALSE
54,-0.765350056,0.001,<0.5,32,0.002139123,0.001,1886,-0.630309178,0.025,FALSE,FALSE,Wales- United Kingdom,en,eng,FALSE
50,-0.765913275,0.001,<0.5,27,0.001804885,0.001,62,-0.752239175,0,FALSE,FALSE,null,en,eng,FALSE
7,-0.771967879,0,<0.5,28,0.001871732,0.001,11964,0.043380796,0.159,FALSE,FALSE,Jacksonville,en,eng,FALSE
0,-0.772953512,0,<0.5,29,0.00193858,0.001,2660,-0.578569146,0.035,TRUE,FALSE,null,en,eng,FALSE
2,-0.772671902,0,<0.5,29,0.00193858,0.001,1339,-0.666874807,0.017,FALSE,FALSE,The World,en,eng,FALSE
20,-0.770137417,0,<0.5,23,0.001537494,0.001,220,-0.741677256,0.002,FALSE,FALSE,Tottenham Hotspur,en,eng,FALSE
21,-0.769996612,0,<0.5,29,0.00193858,0.001,186,-0.743950074,0.002,FALSE,FALSE,null,en,eng,FALSE
10,-0.771545464,0,<0.5,21,0.001403799,0.001,67,-0.751904937,0,FALSE,FALSE,null,es,others,FALSE
28,-0.769010979,0,<0.5,34,0.002272818,0.001,39,-0.753776669,0,FALSE,FALSE,Broad Green- Croydon,en,eng,FALSE
8,-0.771827074,0,<0.5,28,0.001871732,0.001,24,-0.754779383,0,FALSE,FALSE,Indonesia,en,eng,FALSE
18144,1.781807545,0.603,>0.5,53,0.003542922,0.002,15903,0.306693438,0.212,FALSE,FALSE,San Antonio,fr,others,FALSE
6128,0.089897886,0.203,<0.5,42,0.002807599,0.002,6612,-0.314387485,0.088,FALSE,FALSE,null,fr,others,FALSE
2085,-0.479375646,0.069,<0.5,50,0.003342379,0.002,2779,-0.570614283,0.037,FALSE,FALSE,Nairobi,en,eng,FALSE
1507,-0.560760781,0.05,<0.5,42,0.002807599,0.002,1766,-0.638330888,0.023,FALSE,FALSE,earth,en,eng,FALSE
724,-0.671010886,0.024,<0.5,37,0.002473361,0.002,1408,-0.662262324,0.018,FALSE,FALSE,null,en,eng,FALSE
704,-0.67382698,0.023,<0.5,41,0.002740751,0.002,1790,-0.636726546,0.023,FALSE,FALSE,TOKYO,ja,others,FALSE
605,-0.687766649,0.02,<0.5,39,0.002607056,0.002,274,-0.738067486,0.003,FALSE,FALSE,null,en,eng,FALSE
602,-0.688189063,0.02,<0.5,39,0.002607056,0.002,271,-0.738268029,0.003,FALSE,FALSE,null,en,eng,FALSE
486,-0.704522412,0.016,<0.5,39,0.002607056,0.002,1078,-0.684322027,0.014,FALSE,FALSE,Oberbergischer Kreis- Nordrhein-Westfalen,de,others,FALSE
443,-0.710577016,0.014,<0.5,52,0.003476074,0.002,1465,-0.658452011,0.019,FALSE,FALSE,Bourges/Moulins,fr,others,FALSE
320,-0.727895998,0.01,<0.5,46,0.003074989,0.002,1213,-0.675297603,0.016,FALSE,FALSE,null,en,eng,FALSE
218,-0.74225808,0.007,<0.5,37,0.002473361,0.002,163,-0.745487568,0.002,FALSE,FALSE,null,en,eng,FALSE
185,-0.746904636,0.006,<0.5,43,0.002874446,0.002,774,-0.704643693,0.01,FALSE,FALSE,Lordelo,pt,others,FALSE
75,-0.762393157,0.002,<0.5,39,0.002607056,0.002,283,-0.737465858,0.003,FALSE,FALSE,Papua- Indonesia,en,eng,FALSE
63,-0.764082814,0.002,<0.5,50,0.003342379,0.002,153,-0.746156044,0.002,FALSE,FALSE,chelmsford,en,eng,FALSE
68,-0.76337879,0.002,<0.5,52,0.003476074,0.002,35,-0.754044059,0,FALSE,FALSE,Durban- South Africa,en,eng,FALSE
74,-0.762533962,0.002,<0.5,39,0.002607056,0.002,7,-0.755915792,0,FALSE,FALSE,null,he,others,FALSE
40,-0.767321323,0.001,<0.5,49,0.003275532,0.002,286,-0.737265315,0.003,FALSE,FALSE,Whitworth- England,en,eng,FALSE
36,-0.767884541,0.001,<0.5,48,0.003208684,0.002,56,-0.75264026,0,FALSE,FALSE,Toronto- Ontario,en,eng,FALSE
40,-0.767321323,0.001,<0.5,47,0.003141837,0.002,22,-0.754913078,0,FALSE,FALSE,Thailand,th,others,FALSE
3,-0.772531098,0,<0.5,38,0.002540208,0.002,1486,-0.657048212,0.019,FALSE,FALSE,null,en,eng,FALSE
12,-0.771263855,0,<0.5,49,0.003275532,0.002,53,-0.752840803,0,FALSE,FALSE,London ,en-gb,others,FALSE
3,-0.772531098,0,<0.5,50,0.003342379,0.002,49,-0.753108193,0,FALSE,FALSE,Exeter- England,en,eng,FALSE
1,-0.772812707,0,<0.5,39,0.002607056,0.002,9,-0.755782097,0,FALSE,FALSE,Saint-Germain-des-Bois- France,en,eng,FALSE
6472,0.138334714,0.215,<0.5,60,0.004010855,0.003,2218,-0.608115779,0.029,FALSE,FALSE,null,en,eng,FALSE
5208,-0.039642468,0.173,<0.5,68,0.004545636,0.003,5542,-0.385914403,0.073,FALSE,FALSE,null,en,eng,FALSE
4791,-0.098358041,0.159,<0.5,55,0.003676617,0.003,9408,-0.127481634,0.125,FALSE,FALSE,Adderbury- Banbury- England ,en,eng,FALSE
4787,-0.09892126,0.159,<0.5,55,0.003676617,0.003,9407,-0.127548482,0.125,FALSE,FALSE,Adderbury- Banbury- England ,en,eng,FALSE
2269,-0.453467575,0.075,<0.5,61,0.004077703,0.003,3109,-0.54855458,0.041,FALSE,FALSE,Lenoir- NC,en,eng,FALSE
1387,-0.577657349,0.046,<0.5,63,0.004211398,0.003,4744,-0.439258776,0.063,FALSE,FALSE,null,en,eng,FALSE
931,-0.641864306,0.03,<0.5,57,0.003810312,0.003,491,-0.72356156,0.006,FALSE,FALSE,Florida- USA,en,eng,FALSE
696,-0.674953418,0.023,<0.5,62,0.00414455,0.003,37,-0.753910364,0,FALSE,FALSE,West Midlands- England,en,eng,FALSE
695,-0.675094223,0.023,<0.5,62,0.00414455,0.003,35,-0.754044059,0,FALSE,FALSE,West Midlands- England,en,eng,FALSE
576,-0.691849986,0.019,<0.5,72,0.004813026,0.003,1037,-0.687062778,0.013,FALSE,FALSE,null,en,eng,FALSE
257,-0.736766696,0.008,<0.5,71,0.004746179,0.003,1428,-0.660925372,0.019,FALSE,FALSE,Cardiff,en,eng,FALSE
256,-0.7369075,0.008,<0.5,64,0.004278246,0.003,458,-0.725767531,0.006,FALSE,FALSE,null,en,eng,FALSE
186,-0.746763832,0.006,<0.5,72,0.004813026,0.003,384,-0.730714252,0.005,FALSE,FALSE,null,en,eng,FALSE
141,-0.753100045,0.004,<0.5,69,0.004612483,0.003,5066,-0.417733854,0.067,FALSE,FALSE,null,en,eng,FALSE
57,-0.764927642,0.001,<0.5,65,0.004345093,0.003,430,-0.727639263,0.005,FALSE,FALSE,Michigan- USA,en,eng,FALSE
36,-0.767884541,0.001,<0.5,69,0.004612483,0.003,124,-0.748094624,0.001,FALSE,FALSE,Paris- France,en,eng,FALSE
1,-0.772812707,0,<0.5,56,0.003743465,0.003,60019,3.255741549,0.801,FALSE,FALSE,Amsterdam,nl,others,FALSE
15,-0.770841441,0,<0.5,63,0.004211398,0.003,6034,-0.35302539,0.08,FALSE,FALSE,null,en,eng,FALSE
1,-0.772812707,0,<0.5,59,0.003944008,0.003,151,-0.74628974,0.002,FALSE,FALSE,null,en,eng,FALSE
15,-0.770841441,0,<0.5,56,0.003743465,0.003,35,-0.754044059,0,FALSE,FALSE,null,en,eng,FALSE
7,-0.771967879,0,<0.5,66,0.004411941,0.003,6,-0.755982639,0,FALSE,FALSE,null,pt,others,FALSE
5,-0.772249488,0,<0.5,71,0.004746179,0.003,2,-0.75625003,0,FALSE,FALSE,London- England,en,eng,FALSE
9883,0.618619654,0.328,<0.5,87,0.00581574,0.004,750,-0.706248035,0.009,FALSE,FALSE,Indiana,en,eng,FALSE
7408,0.270127943,0.246,<0.5,74,0.004946721,0.004,3619,-0.514462311,0.048,FALSE,FALSE,United States,en,eng,FALSE
7408,0.270127943,0.246,<0.5,74,0.004946721,0.004,3619,-0.514462311,0.048,FALSE,FALSE,United States,en,eng,FALSE
7408,0.270127943,0.246,<0.5,74,0.004946721,0.004,3619,-0.514462311,0.048,FALSE,FALSE,United States,en,eng,FALSE
6865,0.193670973,0.228,<0.5,73,0.004879874,0.004,1748,-0.639534144,0.023,FALSE,FALSE,null,en,eng,FALSE
2983,-0.352932996,0.099,<0.5,77,0.005147264,0.004,4241,-0.472883112,0.056,FALSE,FALSE,null,en,eng,FALSE
1804,-0.518941775,0.06,<0.5,77,0.005147264,0.004,7352,-0.264920272,0.098,FALSE,FALSE,Haute-Normandie- France,fr,others,FALSE
1624,-0.544286627,0.054,<0.5,77,0.005147264,0.004,1507,-0.655644413,0.02,FALSE,FALSE,Oxford- England,en,eng,FALSE
1195,-0.604691857,0.039,<0.5,79,0.005280959,0.004,1723,-0.641205334,0.022,FALSE,FALSE,null,fi,others,FALSE
823,-0.657071217,0.027,<0.5,85,0.005682045,0.004,1678,-0.644213475,0.022,FALSE,FALSE,---,pl,others,FALSE
837,-0.655099951,0.027,<0.5,77,0.005147264,0.004,250,-0.739671828,0.003,FALSE,FALSE,England- United Kingdom,en,eng,FALSE
556,-0.694666081,0.018,<0.5,80,0.005347807,0.004,676,-0.711194757,0.009,FALSE,FALSE,Maidenhead- England,en,eng,FALSE
556,-0.694666081,0.018,<0.5,80,0.005347807,0.004,676,-0.711194757,0.009,FALSE,FALSE,Maidenhead- England,en,eng,FALSE
567,-0.693117229,0.018,<0.5,85,0.005682045,0.004,123,-0.748161472,0.001,FALSE,FALSE,Ormskirk- England,en,eng,FALSE
416,-0.714378743,0.013,<0.5,85,0.005682045,0.004,962,-0.692076347,0.012,FALSE,FALSE,North,en,eng,FALSE
273,-0.73451382,0.009,<0.5,83,0.00554835,0.004,391,-0.730246319,0.005,FALSE,FALSE,Halland,en,eng,FALSE
283,-0.733105773,0.009,<0.5,75,0.005013569,0.004,298,-0.736463144,0.003,FALSE,FALSE,Leeds- England,en,eng,FALSE
212,-0.743102909,0.007,<0.5,73,0.004879874,0.004,58073,3.125656146,0.775,FALSE,FALSE,Indonesia,id,others,FALSE
206,-0.743947737,0.006,<0.5,85,0.005682045,0.004,275,-0.738000639,0.003,FALSE,FALSE,Kuwait,en,eng,FALSE
206,-0.743947737,0.006,<0.5,85,0.005682045,0.004,274,-0.738067486,0.003,FALSE,FALSE,Kuwait,en,eng,FALSE
206,-0.743947737,0.006,<0.5,85,0.005682045,0.004,273,-0.738134334,0.003,FALSE,FALSE,Kuwait,en,eng,FALSE
91,-0.760140281,0.003,<0.5,76,0.005080417,0.004,66,-0.751971784,0,FALSE,FALSE,United Kingdom,en,eng,FALSE
32,-0.76844776,0.001,<0.5,75,0.005013569,0.004,362,-0.732184899,0.004,FALSE,FALSE,Manchester- England,en,eng,FALSE
50,-0.765913275,0.001,<0.5,90,0.006016283,0.004,317,-0.73519304,0.004,FALSE,FALSE,null,en,eng,FALSE
47,-0.766335689,0.001,<0.5,78,0.005214112,0.004,111,-0.748963643,0.001,FALSE,FALSE,Belfast- Northern Ireland,en,eng,FALSE
0,-0.772953512,0,<0.5,74,0.004946721,0.004,15152,0.256490901,0.202,FALSE,FALSE,null,en,eng,FALSE
3,-0.772531098,0,<0.5,87,0.00581574,0.004,6909,-0.294533752,0.092,FALSE,FALSE,null,en,eng,FALSE
16,-0.770700636,0,<0.5,86,0.005748892,0.004,3767,-0.504568868,0.05,FALSE,FALSE,null,en,eng,FALSE
2,-0.772671902,0,<0.5,81,0.005414654,0.004,1299,-0.669548711,0.017,FALSE,FALSE,Nantucket ,en,eng,FALSE
3,-0.772531098,0,<0.5,88,0.005882588,0.004,315,-0.735326735,0.004,FALSE,FALSE,Phoenix- Arizona,en,eng,FALSE
27,-0.769151784,0,<0.5,88,0.005882588,0.004,181,-0.744284312,0.002,FALSE,FALSE,The Middle of Nowhere- USA,en,eng,FALSE
18820,1.876991544,0.626,>0.5,103,0.006885301,0.005,3254,-0.53886168,0.043,FALSE,FALSE,Montevideo- Uruguay,es,others,FALSE
10288,0.675645571,0.342,<0.5,91,0.00608313,0.005,3937,-0.493204778,0.052,FALSE,FALSE,null,en,eng,FALSE
9935,0.6259415,0.33,<0.5,102,0.006818454,0.005,3849,-0.499087366,0.051,FALSE,FALSE,Washington- DC,de,others,FALSE
4573,-0.129053472,0.152,<0.5,94,0.006283673,0.005,946,-0.693145909,0.012,FALSE,FALSE,null,en,eng,FALSE
3166,-0.32716573,0.105,<0.5,99,0.006617911,0.005,32910,1.443570336,0.439,FALSE,FALSE,North London/Enfield,en,eng,FALSE
2437,-0.42981238,0.081,<0.5,99,0.006617911,0.005,4891,-0.429432181,0.065,FALSE,FALSE,null,en,eng,FALSE
1695,-0.534289491,0.056,<0.5,104,0.006952149,0.005,4363,-0.464727707,0.058,FALSE,FALSE,Limerick- Ireland,en,eng,FALSE
1698,-0.533867077,0.056,<0.5,99,0.006617911,0.005,383,-0.7307811,0.005,FALSE,FALSE,Iowa- USA,en,eng,FALSE
1557,-0.553720544,0.051,<0.5,106,0.007085844,0.005,10040,-0.08523396,0.134,FALSE,FALSE,Pennsylvania- USA,en,eng,FALSE
1395,-0.576530911,0.046,<0.5,106,0.007085844,0.005,1091,-0.683453009,0.014,FALSE,FALSE,Canada,en,eng,FALSE
1374,-0.57948781,0.045,<0.5,106,0.007085844,0.005,1372,-0.664668837,0.018,FALSE,FALSE,Texas- USA,en,eng,FALSE
1095,-0.61877233,0.036,<0.5,102,0.006818454,0.005,5469,-0.390794276,0.072,FALSE,FALSE,Alexandria- Egypt,en,eng,FALSE
658,-0.680303998,0.021,<0.5,96,0.006417368,0.005,674,-0.711328452,0.008,FALSE,FALSE,London- England,en,eng,FALSE
558,-0.694384471,0.018,<0.5,96,0.006417368,0.005,625,-0.714603984,0.008,FALSE,FALSE,null,en,eng,FALSE
399,-0.716772424,0.013,<0.5,99,0.006617911,0.005,808,-0.702370875,0.01,FALSE,FALSE,NYC,fr,others,FALSE
287,-0.732542554,0.009,<0.5,102,0.006818454,0.005,7230,-0.273075677,0.096,FALSE,FALSE,DKI Jakarta- Indonesia,id,others,FALSE
271,-0.734795429,0.009,<0.5,95,0.006350521,0.005,2311,-0.601898953,0.03,FALSE,FALSE,London- England,en,eng,FALSE
282,-0.733246577,0.009,<0.5,95,0.006350521,0.005,377,-0.731182185,0.005,FALSE,FALSE,null,en,eng,FALSE
227,-0.740990838,0.007,<0.5,93,0.006216826,0.005,2416,-0.594879957,0.032,FALSE,FALSE,Waterbury,en,eng,FALSE
214,-0.742821299,0.007,<0.5,106,0.007085844,0.005,2080,-0.617340746,0.027,FALSE,FALSE,null,en,eng,FALSE
169,-0.749157512,0.005,<0.5,99,0.006617911,0.005,219,-0.741744104,0.002,FALSE,FALSE,United Kingdom,en,eng,FALSE
115,-0.756760968,0.003,<0.5,102,0.006818454,0.005,75,-0.751370156,0,FALSE,FALSE,null,en,eng,FALSE
98,-0.759154648,0.003,<0.5,92,0.006149978,0.005,70,-0.751704394,0,FALSE,FALSE,Denver- CO,en,eng,FALSE
80,-0.761689133,0.002,<0.5,99,0.006617911,0.005,240,-0.740340304,0.003,FALSE,FALSE,Manchester- England,en,eng,FALSE
61,-0.764364423,0.002,<0.5,102,0.006818454,0.005,220,-0.741677256,0.002,FALSE,FALSE,Witters!,en,eng,FALSE
38,-0.767602932,0.001,<0.5,106,0.007085844,0.005,3045,-0.552832825,0.04,FALSE,FALSE,Pittsburgh- PA,en,eng,FALSE
53,-0.765490861,0.001,<0.5,99,0.006617911,0.005,102,-0.749565271,0.001,FALSE,FALSE,Terrell- TX,en,eng,FALSE
1,-0.772812707,0,<0.5,99,0.006617911,0.005,661,-0.712197471,0.008,FALSE,FALSE,null,en,eng,FALSE
1,-0.772812707,0,<0.5,99,0.006617911,0.005,567,-0.718481144,0.007,FALSE,FALSE,null,en,eng,FALSE
19975,2.03962101,0.664,>0.5,126,0.008422796,0.006,13609,0.153345075,0.181,FALSE,FALSE,null,en,eng,FALSE
8163,0.376435515,0.271,<0.5,121,0.008088558,0.006,4313,-0.468070086,0.057,FALSE,FALSE,null,en,eng,FALSE
7902,0.33968548,0.263,<0.5,118,0.007888015,0.006,13801,0.166179812,0.184,FALSE,FALSE,null,en-gb,others,FALSE
3136,-0.331389872,0.104,<0.5,110,0.007353234,0.006,547,-0.719818095,0.007,FALSE,FALSE,Nairobi- Kenya,en,eng,FALSE
2598,-0.407142818,0.086,<0.5,123,0.008222253,0.006,4551,-0.45216036,0.06,FALSE,FALSE,liverpool,en,eng,FALSE
2293,-0.450088261,0.076,<0.5,124,0.008289101,0.006,12061,0.049865012,0.16,FALSE,FALSE,?stanbul- T?rkiye,tr,others,FALSE
2161,-0.468674486,0.071,<0.5,112,0.00748693,0.006,3423,-0.527564438,0.045,FALSE,FALSE,null,en,eng,FALSE
1752,-0.526263621,0.058,<0.5,125,0.008355948,0.006,4815,-0.434512598,0.064,FALSE,FALSE,Southfield- MI,en,eng,FALSE
1002,-0.63186717,0.033,<0.5,123,0.008222253,0.006,1494,-0.656513431,0.019,FALSE,FALSE,null,en,eng,FALSE
866,-0.651016614,0.028,<0.5,113,0.007553777,0.006,1336,-0.66707535,0.017,FALSE,FALSE,Santa Cruz de Tenerife- Spain,en,eng,FALSE
789,-0.661858578,0.026,<0.5,122,0.008155406,0.006,1481,-0.65738245,0.019,FALSE,FALSE,Brooklyn- NY,en,eng,FALSE
153,-0.751410388,0.005,<0.5,121,0.008088558,0.006,156,-0.745955502,0.002,FALSE,FALSE,Dubai- United Arab Emirates,en,eng,FALSE
119,-0.756197749,0.003,<0.5,117,0.007821168,0.006,114,-0.7487631,0.001,FALSE,FALSE,Lagos- Nigeria,en,eng,FALSE
5,-0.772249488,0,<0.5,110,0.007353234,0.006,1061,-0.685458436,0.014,FALSE,FALSE,Nigeria,en,eng,FALSE
20626,2.13128489,0.686,>0.5,136,0.009091272,0.007,24111,0.855378425,0.321,FALSE,FALSE,England- United Kingdom,en,eng,FALSE
18136,1.780681108,0.603,>0.5,129,0.008623339,0.007,9166,-0.14365875,0.122,FALSE,FALSE,Broken Arrow- OK,en,eng,FALSE
8215,0.383757361,0.273,<0.5,133,0.008890729,0.007,22911,0.775161322,0.305,FALSE,FALSE,North London is Red,en,eng,FALSE
4306,-0.166648336,0.143,<0.5,133,0.008890729,0.007,3189,-0.543206773,0.042,FALSE,FALSE,United States,en,eng,FALSE
3708,-0.250849566,0.123,<0.5,143,0.009559205,0.007,8022,-0.220132389,0.107,FALSE,FALSE,United States,en,eng,FALSE
1784,-0.52175787,0.059,<0.5,139,0.009291814,0.007,318,-0.735126193,0.004,FALSE,FALSE,null,en-gb,others,FALSE
1199,-0.604128638,0.039,<0.5,131,0.008757034,0.007,5205,-0.408442039,0.069,FALSE,FALSE,null,en,eng,FALSE
844,-0.654114318,0.028,<0.5,139,0.009291814,0.007,312,-0.735527278,0.004,FALSE,FALSE,New York- USA,en,eng,FALSE
652,-0.681148827,0.021,<0.5,142,0.009492357,0.007,1526,-0.654374309,0.02,FALSE,FALSE,null,en,eng,FALSE
488,-0.704240803,0.016,<0.5,130,0.008690186,0.007,30,-0.754378297,0,FALSE,FALSE,Melbourne- Victoria,en,eng,FALSE
438,-0.711281039,0.014,<0.5,132,0.008823881,0.007,1580,-0.650764539,0.021,FALSE,FALSE,Wasquehal- Nord-Pas-de-Calais,fr,others,FALSE
437,-0.711421844,0.014,<0.5,132,0.008823881,0.007,1579,-0.650831386,0.021,FALSE,FALSE,Wasquehal- Nord-Pas-de-Calais,fr,others,FALSE
322,-0.727614388,0.01,<0.5,141,0.00942551,0.007,1402,-0.662663409,0.018,FALSE,FALSE,Liverpool- England,en-gb,others,FALSE
289,-0.732260944,0.009,<0.5,134,0.008957577,0.007,390,-0.730313166,0.005,FALSE,FALSE,null,en,eng,FALSE
173,-0.748594293,0.005,<0.5,135,0.009024424,0.007,159,-0.745754959,0.002,FALSE,FALSE,null,en,eng,FALSE
90,-0.760281086,0.002,<0.5,140,0.009358662,0.007,4713,-0.441331051,0.062,FALSE,FALSE,Palo- Leyte,en,eng,FALSE
61,-0.764364423,0.002,<0.5,134,0.008957577,0.007,1299,-0.669548711,0.017,FALSE,FALSE,Coral Springs- Florida,en,eng,FALSE
36,-0.767884541,0.001,<0.5,141,0.00942551,0.007,28136,1.124439959,0.375,FALSE,FALSE,Birmingham,en-gb,others,FALSE
40,-0.767321323,0.001,<0.5,133,0.008890729,0.007,5163,-0.411249638,0.068,FALSE,FALSE,Gambling Heaven,en,eng,FALSE
14,-0.770982246,0,<0.5,140,0.009358662,0.007,372,-0.731516423,0.004,FALSE,FALSE,null,en,eng,FALSE
22514,2.397124224,0.749,>0.5,162,0.010829309,0.008,14427,0.208026401,0.192,FALSE,FALSE,Manchester- England,fr,others,FALSE
14319,1.243229446,0.476,<0.5,158,0.010561919,0.008,5877,-0.363520461,0.078,FALSE,FALSE,null,en,eng,FALSE
10485,0.703384103,0.348,<0.5,153,0.010227681,0.008,2797,-0.569411027,0.037,FALSE,FALSE,Kent,en,eng,FALSE
10480,0.702680079,0.348,<0.5,153,0.010227681,0.008,2789,-0.569945807,0.037,FALSE,FALSE,Kent,en,eng,FALSE
4549,-0.132432786,0.151,<0.5,153,0.010227681,0.008,3024,-0.554236624,0.04,FALSE,FALSE,Pennsylvania,en,eng,FALSE
2630,-0.402637067,0.087,<0.5,149,0.00996029,0.008,83,-0.750835375,0.001,FALSE,FALSE,Royaume du Maroc,fr,others,FALSE
1776,-0.522884308,0.059,<0.5,159,0.010628766,0.008,14009,0.18008411,0.186,FALSE,FALSE,#SaveShadowhunters,en,eng,FALSE
1776,-0.522884308,0.059,<0.5,159,0.010628766,0.008,14006,0.179883567,0.186,FALSE,FALSE,#SaveShadowhunters,en,eng,FALSE
1776,-0.522884308,0.059,<0.5,159,0.010628766,0.008,14003,0.179683024,0.186,FALSE,FALSE,#SaveShadowhunters,en,eng,FALSE
1776,-0.522884308,0.059,<0.5,159,0.010628766,0.008,14001,0.179549329,0.186,FALSE,FALSE,#SaveShadowhunters,en,eng,FALSE
1776,-0.522884308,0.059,<0.5,159,0.010628766,0.008,13999,0.179415634,0.186,FALSE,FALSE,#SaveShadowhunters,en,eng,FALSE
1420,-0.573010792,0.047,<0.5,160,0.010695614,0.008,511,-0.722224608,0.006,FALSE,FALSE,United Kingdom,en,eng,FALSE
1419,-0.573151597,0.047,<0.5,160,0.010695614,0.008,510,-0.722291456,0.006,FALSE,FALSE,United Kingdom,en,eng,FALSE
1337,-0.584697585,0.044,<0.5,148,0.009893443,0.008,2975,-0.557512156,0.039,FALSE,FALSE,null,en,eng,FALSE
1079,-0.621025206,0.035,<0.5,153,0.010227681,0.008,1278,-0.67095251,0.017,FALSE,FALSE,null,en,eng,FALSE
970,-0.636372922,0.032,<0.5,154,0.010294528,0.008,336,-0.733922936,0.004,FALSE,FALSE,Wisconsin,en,eng,FALSE
950,-0.639189016,0.031,<0.5,158,0.010561919,0.008,5859,-0.364723718,0.078,FALSE,FALSE,null,en,eng,FALSE
850,-0.65326949,0.028,<0.5,147,0.009826595,0.008,2326,-0.60089624,0.031,FALSE,FALSE,Naples- FL,en,eng,FALSE
848,-0.653551099,0.028,<0.5,147,0.009826595,0.008,2311,-0.601898953,0.03,FALSE,FALSE,Naples- FL,en,eng,FALSE
848,-0.653551099,0.028,<0.5,147,0.009826595,0.008,2306,-0.602233191,0.03,FALSE,FALSE,Naples- FL,en,eng,FALSE
848,-0.653551099,0.028,<0.5,147,0.009826595,0.008,2305,-0.602300039,0.03,FALSE,FALSE,Naples- FL,en,eng,FALSE
666,-0.67917756,0.022,<0.5,155,0.010361376,0.008,3260,-0.538460594,0.043,FALSE,FALSE,Sydney- Australia,en,eng,FALSE
690,-0.675798247,0.022,<0.5,149,0.00996029,0.008,895,-0.696555135,0.011,FALSE,FALSE,Northern- NJ,en,eng,FALSE
379,-0.719588518,0.012,<0.5,148,0.009893443,0.008,1735,-0.640403163,0.023,FALSE,FALSE,Derby,en,eng,FALSE
271,-0.734795429,0.009,<0.5,158,0.010561919,0.008,103,-0.749498424,0.001,FALSE,FALSE,Manchester- England,en,eng,FALSE
161,-0.75028395,0.005,<0.5,158,0.010561919,0.008,228,-0.741142475,0.003,FALSE,FALSE,Minneapolis,en,eng,FALSE
41,-0.767180518,0.001,<0.5,146,0.009759748,0.008,201,-0.74294736,0.002,FALSE,FALSE,Berlin,de,others,FALSE
41,-0.767180518,0.001,<0.5,161,0.010762461,0.008,59,-0.752439717,0,FALSE,FALSE,null,en,eng,FALSE
37,-0.767743737,0.001,<0.5,155,0.010361376,0.008,55,-0.752707108,0,FALSE,FALSE,Manchester- England,en,eng,FALSE
48,-0.766194885,0.001,<0.5,153,0.010227681,0.008,28,-0.754511993,0,FALSE,FALSE,null,en,eng,FALSE
0,-0.772953512,0,<0.5,157,0.010495071,0.008,35583,1.622253933,0.474,FALSE,FALSE,London,en,eng,FALSE
7,-0.771967879,0,<0.5,146,0.009759748,0.008,2175,-0.610990225,0.029,FALSE,FALSE,null,en,eng,FALSE
25902,2.874170656,0.862,>0.5,175,0.011698328,0.009,14816,0.234030112,0.197,FALSE,FALSE,null,en,eng,FALSE
21509,2.255615469,0.715,>0.5,169,0.011297242,0.009,12388,0.071724172,0.165,FALSE,FALSE,Florya,tr,others,FALSE
13114,1.073559743,0.436,<0.5,173,0.011564632,0.009,5028,-0.420274062,0.067,FALSE,FALSE,North of Germany,de,others,FALSE
13023,1.060746513,0.433,<0.5,164,0.010963004,0.009,3047,-0.55269913,0.04,FALSE,FALSE,null,en,eng,FALSE
8102,0.367846427,0.269,<0.5,175,0.011698328,0.009,3581,-0.517002519,0.047,FALSE,FALSE,null,en,eng,FALSE
6671,0.166354855,0.222,<0.5,177,0.011832023,0.009,650,-0.712932794,0.008,FALSE,FALSE,null,en,eng,FALSE
6671,0.166354855,0.222,<0.5,177,0.011832023,0.009,649,-0.712999642,0.008,FALSE,FALSE,null,en,eng,FALSE
6218,0.102570312,0.206,<0.5,176,0.011765175,0.009,19589,0.55309364,0.261,FALSE,FALSE,null,pt,others,FALSE
4239,-0.176082253,0.141,<0.5,166,0.011096699,0.009,974,-0.691274176,0.012,FALSE,FALSE,Gundelfingen- Deutschland,en,eng,FALSE
3935,-0.218886891,0.13,<0.5,173,0.011564632,0.009,5340,-0.399417615,0.071,FALSE,FALSE,null,en,eng,FALSE
3050,-0.343499079,0.101,<0.5,174,0.01163148,0.009,139,-0.747091911,0.001,FALSE,FALSE,null,en,eng,FALSE
2583,-0.409254889,0.085,<0.5,172,0.011497785,0.009,2826,-0.567472447,0.037,FALSE,FALSE,San Antonio- TX,en,eng,FALSE
1512,-0.560056757,0.05,<0.5,177,0.011832023,0.009,4851,-0.432106085,0.064,FALSE,FALSE,city above toronto,en,eng,FALSE
1137,-0.612858532,0.037,<0.5,171,0.011430937,0.009,7187,-0.275950123,0.095,FALSE,FALSE,A Rainy Rock - North Atlantic,en,eng,FALSE
596,-0.689033892,0.019,<0.5,177,0.011832023,0.009,1637,-0.646954226,0.021,FALSE,FALSE,Strasbourg- France,fr,others,FALSE
305,-0.730008069,0.01,<0.5,163,0.010896157,0.009,3016,-0.554771405,0.04,FALSE,FALSE,null,en,eng,FALSE
305,-0.730008069,0.01,<0.5,163,0.010896157,0.009,3014,-0.5549051,0.04,FALSE,FALSE,null,en,eng,FALSE
94,-0.759717867,0.003,<0.5,177,0.011832023,0.009,1102,-0.682717685,0.014,FALSE,FALSE,Norway,en,eng,FALSE
17,-0.770559831,0,<0.5,168,0.011230394,0.009,12854,0.102875148,0.171,FALSE,FALSE,Nairobi- Kenya,en,eng,FALSE
0,-0.772953512,0,<0.5,171,0.011430937,0.009,469,-0.725032207,0.006,FALSE,FALSE,null,en,eng,FALSE
16,-0.770700636,0,<0.5,165,0.011029852,0.009,83,-0.750835375,0.001,FALSE,FALSE,null,en,eng,FALSE
27806,3.142262866,0.925,>0.5,187,0.012500499,0.01,14839,0.235567606,0.198,FALSE,FALSE,LDN,en,eng,FALSE
23168,2.489210519,0.771,>0.5,183,0.012233108,0.01,12192,0.058622045,0.162,FALSE,FALSE,Belgique - Namur,fr,others,FALSE
15374,1.391778438,0.511,>0.5,197,0.013168974,0.01,2778,-0.570681131,0.037,FALSE,FALSE,Rt merchant,en,eng,FALSE
7933,0.344050427,0.264,<0.5,191,0.012767889,0.01,1893,-0.629841244,0.025,FALSE,FALSE,Wolverhampton- England,en-gb,others,FALSE
3107,-0.33547321,0.103,<0.5,195,0.013035279,0.01,11689,0.02499771,0.156,FALSE,FALSE,Portugal,pt,others,FALSE
2814,-0.376728996,0.093,<0.5,197,0.013168974,0.01,10941,-0.025004285,0.146,FALSE,FALSE,null,en,eng,FALSE
2528,-0.416999149,0.084,<0.5,198,0.013235822,0.01,3206,-0.542070364,0.042,FALSE,FALSE,null,en,eng,FALSE
2453,-0.427559504,0.081,<0.5,197,0.013168974,0.01,2290,-0.603302753,0.03,FALSE,FALSE,Dubai- United Arab Emirates,en,eng,FALSE
942,-0.640315454,0.031,<0.5,191,0.012767889,0.01,5240,-0.406102374,0.069,FALSE,FALSE,Providence-  r.i,en,eng,FALSE
942,-0.640315454,0.031,<0.5,191,0.012767889,0.01,5239,-0.406169221,0.069,FALSE,FALSE,Providence-  r.i,en,eng,FALSE
870,-0.650453395,0.028,<0.5,194,0.012968432,0.01,3828,-0.500491165,0.051,FALSE,FALSE,null,en,eng,FALSE
795,-0.66101375,0.026,<0.5,184,0.012299956,0.01,2498,-0.589398455,0.033,FALSE,FALSE,null,en-GB,others,FALSE
629,-0.684387335,0.02,<0.5,195,0.013035279,0.01,875,-0.697892087,0.011,FALSE,FALSE,null,en,eng,FALSE
514,-0.70057988,0.017,<0.5,198,0.013235822,0.01,12369,0.070454068,0.165,FALSE,FALSE,Mostly Indonesia,en,eng,FALSE
345,-0.724375879,0.011,<0.5,195,0.013035279,0.01,1608,-0.648892806,0.021,FALSE,FALSE,null,en,eng,FALSE
294,-0.731556921,0.009,<0.5,188,0.012567346,0.01,938,-0.693680689,0.012,FALSE,FALSE,null,en,eng,FALSE
277,-0.733950601,0.009,<0.5,197,0.013168974,0.01,559,-0.719015924,0.007,FALSE,FALSE,Barnstaple- Devon,en,eng,FALSE
212,-0.743102909,0.007,<0.5,197,0.013168974,0.01,470,-0.72496536,0.006,FALSE,FALSE,null,en,eng,FALSE
215,-0.742680494,0.007,<0.5,198,0.013235822,0.01,247,-0.739872371,0.003,FALSE,FALSE,Morelandoh- FLA,en,eng,FALSE
232,-0.740286814,0.007,<0.5,198,0.013235822,0.01,167,-0.745220178,0.002,FALSE,FALSE,null,en,eng,FALSE
173,-0.748594293,0.005,<0.5,193,0.012901584,0.01,1805,-0.635723832,0.024,FALSE,FALSE,null,en,eng,FALSE
159,-0.750565559,0.005,<0.5,186,0.012433651,0.01,225,-0.741343018,0.002,FALSE,FALSE,null,es,others,FALSE
139,-0.753381654,0.004,<0.5,194,0.012968432,0.01,330,-0.734324022,0.004,FALSE,FALSE,Montevideo- Uruguay,es,others,FALSE
110,-0.757464991,0.003,<0.5,184,0.012299956,0.01,158,-0.745821806,0.002,FALSE,FALSE,CTN(until further notice),en,eng,FALSE
110,-0.757464991,0.003,<0.5,184,0.012299956,0.01,158,-0.745821806,0.002,FALSE,FALSE,CTN(until further notice),en,eng,FALSE
34,-0.768166151,0.001,<0.5,194,0.012968432,0.01,83,-0.750835375,0.001,FALSE,FALSE,Canada,en,eng,FALSE
20692,2.140578002,0.688,>0.5,200,0.013369517,0.011,2832,-0.567071361,0.037,FALSE,FALSE,null,en,eng,FALSE
14986,1.337146202,0.498,<0.5,214,0.014305383,0.011,3371,-0.531040512,0.044,FALSE,FALSE,Konya- T?rkiye,en,eng,FALSE
14980,1.336301373,0.498,<0.5,214,0.014305383,0.011,3365,-0.531441598,0.044,FALSE,FALSE,Konya- T?rkiye,en,eng,FALSE
13064,1.066519507,0.434,<0.5,203,0.01357006,0.011,6154,-0.34500368,0.082,FALSE,FALSE,null,en-GB,others,FALSE
12662,1.009916005,0.421,<0.5,199,0.01330267,0.011,8990,-0.155423925,0.119,FALSE,FALSE,NY,en,eng,FALSE
11734,0.879249213,0.39,<0.5,209,0.013971146,0.011,31195,1.328926725,0.416,FALSE,FALSE,Wigan- England,en-gb,others,FALSE
3891,-0.2250823,0.129,<0.5,212,0.014171688,0.011,8345,-0.198540618,0.111,FALSE,FALSE,null,en,eng,FALSE
3007,-0.349553683,0.1,<0.5,208,0.013904298,0.011,28852,1.172302831,0.385,FALSE,FALSE,null,en,eng,FALSE
2531,-0.416576735,0.084,<0.5,208,0.013904298,0.011,1040,-0.686862235,0.013,FALSE,FALSE,null,en,eng,FALSE
2225,-0.459662983,0.074,<0.5,201,0.013436365,0.011,3198,-0.542605144,0.042,FALSE,FALSE,null,en,eng,FALSE
2030,-0.487119906,0.067,<0.5,216,0.014439079,0.011,4075,-0.483979811,0.054,FALSE,FALSE,He/Him/His or They/Them,en,eng,FALSE
1451,-0.568645846,0.048,<0.5,215,0.014372231,0.011,2942,-0.559718127,0.039,FALSE,FALSE,USA,en,eng,FALSE
880,-0.649045348,0.029,<0.5,201,0.013436365,0.011,7015,-0.287447908,0.093,FALSE,FALSE,null,en,eng,FALSE
599,-0.688611477,0.019,<0.5,210,0.014037993,0.011,259,-0.7390702,0.003,FALSE,FALSE,Kyiv,en,eng,FALSE
565,-0.693398838,0.018,<0.5,208,0.013904298,0.011,1072,-0.684723113,0.014,FALSE,FALSE,null,en,eng,FALSE
215,-0.742680494,0.007,<0.5,204,0.013636908,0.011,1393,-0.663265037,0.018,FALSE,FALSE,Leeming- England,en,eng,FALSE
73,-0.762674766,0.002,<0.5,215,0.014372231,0.011,3279,-0.53719049,0.043,FALSE,FALSE,null,en,eng,FALSE
38,-0.767602932,0.001,<0.5,211,0.014104841,0.011,5441,-0.392666009,0.072,FALSE,FALSE,United States,en,eng,FALSE
21717,2.284902853,0.722,>0.5,231,0.015441792,0.012,34112,1.523921134,0.455,FALSE,FALSE,Xan Antonio- TX,en,eng,FALSE
15775,1.448241135,0.525,>0.5,231,0.015441792,0.012,204,-0.742746817,0.002,FALSE,FALSE,null,en,eng,FALSE
12406,0.973869993,0.412,<0.5,228,0.01524125,0.012,9039,-0.152148394,0.12,FALSE,FALSE,null,en,eng,FALSE
11976,0.913323958,0.398,<0.5,218,0.014572774,0.012,20627,0.622481435,0.275,FALSE,FALSE,null,en,eng,FALSE
8755,0.459791917,0.291,<0.5,232,0.01550864,0.012,7581,-0.249612174,0.101,FALSE,FALSE,null,en,eng,FALSE
6607,0.157343352,0.219,<0.5,226,0.015107554,0.012,1139,-0.680244324,0.015,FALSE,FALSE,null,en,eng,FALSE
4648,-0.118493118,0.154,<0.5,226,0.015107554,0.012,39714,1.898401312,0.53,FALSE,FALSE,Sutton Coldfield,en,eng,FALSE
3719,-0.249300714,0.123,<0.5,234,0.015642335,0.012,2167,-0.611525006,0.028,FALSE,FALSE,USA,en,eng,FALSE
3719,-0.249300714,0.123,<0.5,234,0.015642335,0.012,2166,-0.611591853,0.028,FALSE,FALSE,USA,en,eng,FALSE
3718,-0.249441518,0.123,<0.5,234,0.015642335,0.012,2164,-0.611725549,0.028,FALSE,FALSE,USA,en,eng,FALSE
3351,-0.301116855,0.111,<0.5,231,0.015441792,0.012,12482,0.078007845,0.166,FALSE,FALSE,Preston- England,en,eng,FALSE
1880,-0.508240616,0.062,<0.5,227,0.015174402,0.012,3308,-0.53525191,0.044,FALSE,FALSE,null,en,eng,FALSE
1309,-0.588640118,0.043,<0.5,229,0.015308097,0.012,7459,-0.25776758,0.099,FALSE,FALSE,Johannesburg - SA,en,eng,FALSE
1309,-0.588640118,0.043,<0.5,225,0.015040707,0.012,1648,-0.646218903,0.021,FALSE,FALSE,Fishguard,en,eng,FALSE
1309,-0.588640118,0.043,<0.5,224,0.014973859,0.012,1645,-0.646419446,0.021,FALSE,FALSE,Fishguard,en,eng,FALSE
1042,-0.626234981,0.034,<0.5,221,0.014773317,0.012,13264,0.130282658,0.177,FALSE,FALSE,null,en-gb,others,FALSE
36,-0.767884541,0.001,<0.5,222,0.014840164,0.012,2435,-0.593609853,0.032,FALSE,FALSE,null,en,eng,FALSE
0,-0.772953512,0,<0.5,224,0.014973859,0.012,18973,0.511915527,0.253,FALSE,FALSE,Nederland,nl,others,FALSE
25,-0.769433394,0,<0.5,221,0.014773317,0.012,3287,-0.536655709,0.043,FALSE,FALSE,Depok- Indonesia,en,eng,FALSE
12,-0.771263855,0,<0.5,219,0.014639621,0.012,84,-0.750768528,0.001,FALSE,FALSE,Pianeta Terra,it,others,FALSE
26521,2.961328785,0.882,>0.5,245,0.016377659,0.013,9720,-0.106625188,0.129,FALSE,FALSE,San Francisco- CA,en,eng,FALSE
7845,0.331659611,0.261,<0.5,248,0.016578201,0.013,13660,0.156754302,0.182,FALSE,FALSE,White Hart Lane,en,eng,FALSE
5692,0.028507023,0.189,<0.5,244,0.016310811,0.013,5930,-0.359977539,0.079,FALSE,FALSE,null,en,eng,FALSE
3797,-0.238317944,0.126,<0.5,245,0.016377659,0.013,7564,-0.250748583,0.1,FALSE,FALSE,Pre: 42.3846960--71.078469,en,eng,FALSE
1922,-0.502326817,0.063,<0.5,244,0.016310811,0.013,5508,-0.38818722,0.073,FALSE,FALSE,Kent,en,eng,FALSE
386,-0.718602885,0.012,<0.5,244,0.016310811,0.013,7588,-0.249144241,0.101,FALSE,FALSE,null,en,eng,FALSE
208,-0.743666128,0.006,<0.5,253,0.016912439,0.013,44460,2.215659956,0.593,FALSE,FALSE,null,fr,others,FALSE
194,-0.745637394,0.006,<0.5,243,0.016243963,0.013,1629,-0.647489007,0.021,FALSE,FALSE,null,en,eng,FALSE
91,-0.760140281,0.003,<0.5,240,0.016043421,0.013,4121,-0.480904822,0.054,FALSE,FALSE,Woodlands- Singapore,en,eng,FALSE
0,-0.772953512,0,<0.5,246,0.016444506,0.013,61557,3.358553136,0.821,FALSE,FALSE,Berlin- Deutschland,de,others,FALSE
17,-0.770559831,0,<0.5,245,0.016377659,0.013,39268,1.868587288,0.524,FALSE,FALSE,Tottenham- London,en-gb,others,FALSE
19586,1.984847969,0.651,>0.5,268,0.017915153,0.014,3809,-0.501761269,0.05,FALSE,FALSE,Barcelona- Spain,en,eng,FALSE
17081,1.632132115,0.568,>0.5,267,0.017848306,0.014,6767,-0.304026109,0.09,FALSE,FALSE,null,en,eng,FALSE
7713,0.313073386,0.256,<0.5,260,0.017380372,0.014,32481,1.414892721,0.433,FALSE,FALSE,null,en,eng,FALSE
7709,0.312510167,0.256,<0.5,260,0.017380372,0.014,32476,1.414558483,0.433,FALSE,FALSE,null,en,eng,FALSE
7709,0.312510167,0.256,<0.5,260,0.017380372,0.014,32475,1.414491636,0.433,FALSE,FALSE,null,en,eng,FALSE
4165,-0.186501803,0.138,<0.5,269,0.017982001,0.014,6207,-0.341460758,0.082,FALSE,FALSE,West Region- Singapore,en,eng,FALSE
3745,-0.245639791,0.124,<0.5,269,0.017982001,0.014,2891,-0.563127353,0.038,FALSE,FALSE,Waterford- Ohio,en,eng,FALSE
3379,-0.297174322,0.112,<0.5,266,0.017781458,0.014,186,-0.743950074,0.002,FALSE,FALSE,Tilsworth- England,en,eng,FALSE
2646,-0.400384191,0.088,<0.5,266,0.017781458,0.014,713,-0.708721396,0.009,FALSE,FALSE,London,en-gb,others,FALSE
2461,-0.426433066,0.081,<0.5,263,0.017580915,0.014,1988,-0.623490724,0.026,FALSE,FALSE,California- USA,en,eng,FALSE
1343,-0.583852757,0.044,<0.5,267,0.017848306,0.014,355,-0.732652832,0.004,FALSE,FALSE,India,en,eng,FALSE
890,-0.6476373,0.029,<0.5,260,0.017380372,0.014,703,-0.709389872,0.009,FALSE,FALSE,null,en,eng,FALSE
463,-0.707760921,0.015,<0.5,257,0.01717983,0.014,305,-0.735995211,0.004,FALSE,FALSE,Sydenham- London ,en,eng,FALSE
250,-0.737752329,0.008,<0.5,260,0.017380372,0.014,58,-0.752506565,0,FALSE,FALSE,null,en,eng,FALSE
239,-0.739301181,0.007,<0.5,258,0.017246677,0.014,171,-0.744952788,0.002,FALSE,FALSE,Washington- DC,en,eng,FALSE
168,-0.749298317,0.005,<0.5,262,0.017514068,0.014,388,-0.730446862,0.005,FALSE,FALSE,Liverpool- England,en,eng,FALSE
123,-0.75563453,0.004,<0.5,268,0.017915153,0.014,17067,0.384504028,0.227,FALSE,FALSE,Ngh? An- Vietnam,en,eng,FALSE
135,-0.753944873,0.004,<0.5,257,0.01717983,0.014,296,-0.73659684,0.003,FALSE,FALSE,null,en,eng,FALSE
27135,3.047782891,0.903,>0.5,273,0.018249391,0.015,6422,-0.327088527,0.085,FALSE,FALSE,North Rhine-Westphalia Germany,de,others,FALSE
26411,2.945840265,0.879,>0.5,280,0.018717324,0.015,19438,0.542999655,0.259,FALSE,FALSE,LM10 | AM11 | RL9 | CR7 |,hr,others,FALSE
13051,1.064689045,0.434,<0.5,289,0.019318952,0.015,1420,-0.661460153,0.018,FALSE,FALSE,Ludhiana,en,eng,FALSE
9490,0.563283395,0.315,<0.5,281,0.018784172,0.015,24875,0.906449981,0.332,FALSE,FALSE,null,fr,others,FALSE
8311,0.397274616,0.276,<0.5,283,0.018917867,0.015,2314,-0.601698411,0.03,FALSE,FALSE,null,en,eng,FALSE
6628,0.160300252,0.22,<0.5,274,0.018316239,0.015,5555,-0.385045384,0.074,FALSE,FALSE,null,en,eng,FALSE
5510,0.002880561,0.183,<0.5,286,0.01911841,0.015,17933,0.442394038,0.239,FALSE,FALSE,Miami- FL,en,eng,FALSE
4482,-0.141866703,0.149,<0.5,272,0.018182543,0.015,4994,-0.42254688,0.066,FALSE,FALSE,Kuala Lumpur- Wilayah Persekut,en,eng,FALSE
3200,-0.322378369,0.106,<0.5,287,0.019185257,0.015,45319,2.273082032,0.604,FALSE,FALSE,Rio de Janeiro- Brazil,en,eng,FALSE
598,-0.688752282,0.019,<0.5,287,0.019185257,0.015,478,-0.724430579,0.006,FALSE,FALSE,Abuja- Nigeria,en,eng,FALSE
73,-0.762674766,0.002,<0.5,277,0.018516781,0.015,16649,0.356561737,0.222,FALSE,FALSE,Barclaysbible@gmail.com,en,eng,FALSE
61,-0.764364423,0.002,<0.5,275,0.018383086,0.015,6672,-0.31037663,0.089,FALSE,FALSE,Indonesia,id,others,FALSE
0,-0.772953512,0,<0.5,274,0.018316239,0.015,60224,3.269445304,0.803,FALSE,FALSE,London,en,eng,FALSE
27822,3.144515742,0.926,>0.5,303,0.020254819,0.016,7921,-0.226883995,0.105,FALSE,FALSE,LDN,en,eng,FALSE
8197,0.381222876,0.272,<0.5,306,0.020455361,0.016,7057,-0.284640309,0.094,FALSE,FALSE,null,es,others,FALSE
8046,0.359961362,0.267,<0.5,299,0.019987428,0.016,3317,-0.534650282,0.044,FALSE,FALSE,?.??????- ?.???????????,en,eng,FALSE
3688,-0.25366566,0.122,<0.5,294,0.01965319,0.016,1444,-0.659855811,0.019,FALSE,FALSE,Eden Prairie- MN,en,eng,FALSE
3444,-0.288022015,0.114,<0.5,302,0.020187971,0.016,435,-0.727305025,0.005,FALSE,FALSE,null,en,eng,FALSE
3168,-0.326884121,0.105,<0.5,293,0.019586343,0.016,39650,1.894123066,0.529,FALSE,FALSE,null,fr,others,FALSE
2436,-0.429953185,0.081,<0.5,293,0.019586343,0.016,14795,0.232626312,0.197,FALSE,FALSE,Cape Town- South Africa,en,eng,FALSE
2436,-0.429953185,0.081,<0.5,292,0.019519495,0.016,14793,0.232492617,0.197,FALSE,FALSE,Cape Town- South Africa,en,eng,FALSE
2435,-0.430093989,0.081,<0.5,292,0.019519495,0.016,14791,0.232358922,0.197,FALSE,FALSE,Cape Town- South Africa,en,eng,FALSE
2435,-0.430093989,0.081,<0.5,291,0.019452648,0.016,14787,0.232091532,0.197,FALSE,FALSE,Cape Town- South Africa,en,eng,FALSE
2107,-0.476277942,0.07,<0.5,290,0.0193858,0.016,394,-0.730045776,0.005,FALSE,FALSE,Choomah Island ,en-GB,others,FALSE
1495,-0.562450437,0.049,<0.5,295,0.019720038,0.016,3130,-0.54715078,0.041,FALSE,FALSE,null,en,eng,FALSE
271,-0.734795429,0.009,<0.5,307,0.020522209,0.016,14532,0.215045397,0.193,FALSE,FALSE,Higham Ferrers- Northamptonshire,en,eng,FALSE
26,-0.769292589,0,<0.5,295,0.019720038,0.016,5972,-0.35716994,0.079,FALSE,FALSE,?T: -2.988872-104.7596,en,eng,FALSE
8,-0.771827074,0,<0.5,292,0.019519495,0.016,2865,-0.564865391,0.038,FALSE,FALSE,null,en,eng,FALSE
11204,0.804622705,0.372,<0.5,315,0.02105699,0.017,5006,-0.421744709,0.066,FALSE,FALSE,null,en,eng,FALSE
10704,0.734220339,0.356,<0.5,309,0.020655904,0.017,4033,-0.48678741,0.053,FALSE,FALSE,null,en,eng,FALSE
6467,0.13763069,0.215,<0.5,319,0.02132438,0.017,674,-0.711328452,0.008,FALSE,FALSE,New Arley,en,eng,FALSE
5914,0.059765673,0.196,<0.5,318,0.021257532,0.017,5801,-0.368600878,0.077,FALSE,FALSE,NETHERLANDSSSS,nl,others,FALSE
5906,0.058639235,0.196,<0.5,318,0.021257532,0.017,5685,-0.376355198,0.075,FALSE,FALSE,NETHERLANDSSSS,nl,others,FALSE
5906,0.058639235,0.196,<0.5,318,0.021257532,0.017,5681,-0.376622588,0.075,FALSE,FALSE,NETHERLANDSSSS,nl,others,FALSE
3362,-0.299568003,0.111,<0.5,322,0.021524923,0.017,25837,0.970757359,0.344,FALSE,FALSE,null,en,eng,FALSE
1731,-0.529220521,0.057,<0.5,315,0.02105699,0.017,8470,-0.19018467,0.113,FALSE,FALSE,london,en,eng,FALSE
1490,-0.563154461,0.049,<0.5,322,0.021524923,0.017,10869,-0.029817311,0.145,FALSE,FALSE,null,en,eng,FALSE
859,-0.652002247,0.028,<0.5,323,0.02159177,0.017,22034,0.716535988,0.294,FALSE,FALSE,Un trou,fr,others,FALSE
566,-0.693258034,0.018,<0.5,322,0.021524923,0.017,13687,0.158559187,0.182,FALSE,FALSE,null,en,eng,FALSE
495,-0.703255169,0.016,<0.5,310,0.020722752,0.017,27476,1.080320552,0.366,FALSE,FALSE,Folkestone- England,en,eng,FALSE
495,-0.703255169,0.016,<0.5,310,0.020722752,0.017,27476,1.080320552,0.366,FALSE,FALSE,Folkestone- England,en,eng,FALSE
381,-0.719306909,0.012,<0.5,308,0.020589057,0.017,1652,-0.645951513,0.022,FALSE,FALSE,null,ko,others,FALSE
50,-0.765913275,0.001,<0.5,308,0.020589057,0.017,723,-0.70805292,0.009,FALSE,FALSE,nairobi-kenya,en,eng,FALSE
19335,1.949505981,0.643,>0.5,329,0.021992856,0.018,5410,-0.394738284,0.072,FALSE,FALSE,Dudley- England,en-gb,others,FALSE
14827,1.314758249,0.493,<0.5,340,0.022728179,0.018,49543,2.555446236,0.661,FALSE,FALSE,Auckland- New Zealand,en,eng,FALSE
14005,1.19901676,0.466,<0.5,327,0.021859161,0.018,42295,2.070934932,0.564,FALSE,FALSE,null,en,eng,FALSE
11448,0.83897906,0.381,<0.5,341,0.022795027,0.018,4267,-0.471145075,0.056,FALSE,FALSE,null,en,eng,FALSE
4753,-0.103708621,0.158,<0.5,336,0.022460789,0.018,2627,-0.580775116,0.035,FALSE,FALSE,Haninge- Sverige,sv,others,FALSE
4456,-0.145527626,0.148,<0.5,342,0.022861874,0.018,4374,-0.463992383,0.058,FALSE,FALSE,Hampshire uk,en-gb,others,FALSE
3523,-0.276898441,0.117,<0.5,338,0.022594484,0.018,16581,0.352016101,0.221,FALSE,FALSE,North London,en,eng,FALSE
3182,-0.324912855,0.105,<0.5,334,0.022327094,0.018,23695,0.827569829,0.316,FALSE,FALSE,The grandest stage of them all,en,eng,FALSE
1330,-0.585683218,0.044,<0.5,338,0.022594484,0.018,1950,-0.626030932,0.026,FALSE,FALSE,la vernia texas,en,eng,FALSE
1063,-0.623278082,0.035,<0.5,328,0.021926008,0.018,3305,-0.535452453,0.044,FALSE,FALSE,Northampton,en,eng,FALSE
574,-0.692131596,0.019,<0.5,331,0.022126551,0.018,6931,-0.293063105,0.092,FALSE,FALSE,reading,en,eng,FALSE
440,-0.71099943,0.014,<0.5,326,0.021792313,0.018,1470,-0.658117773,0.019,FALSE,FALSE,Camberwell- London,en,eng,FALSE
31,-0.768588565,0.001,<0.5,336,0.022460789,0.018,28,-0.754511993,0,FALSE,FALSE,London- England,en,eng,FALSE
13157,1.079614347,0.437,<0.5,356,0.023797741,0.019,3286,-0.536722557,0.043,FALSE,FALSE,FtblHarvir suspended at 1.5k,en,eng,FALSE
11034,0.780685901,0.367,<0.5,351,0.023463503,0.019,13944,0.175739016,0.186,FALSE,FALSE,Kuala Lumpur,en,eng,FALSE
7106,0.227604914,0.236,<0.5,347,0.023196112,0.019,7020,-0.28711367,0.093,FALSE,FALSE,null,en,eng,FALSE
7106,0.227604914,0.236,<0.5,347,0.023196112,0.019,7019,-0.287180518,0.093,FALSE,FALSE,null,en,eng,FALSE
7106,0.227604914,0.236,<0.5,347,0.023196112,0.019,7019,-0.287180518,0.093,FALSE,FALSE,null,en,eng,FALSE
5982,0.069340395,0.199,<0.5,354,0.023664046,0.019,9217,-0.140249523,0.123,FALSE,FALSE,Toronto,en,eng,FALSE
5645,0.0218892,0.187,<0.5,346,0.023129265,0.019,20965,0.645075919,0.279,FALSE,FALSE,Portugal,pt,others,FALSE
4826,-0.093429875,0.16,<0.5,351,0.023463503,0.019,7376,-0.263315929,0.098,FALSE,FALSE,null,en,eng,FALSE
2200,-0.463183101,0.073,<0.5,360,0.024065131,0.019,2136,-0.613597281,0.028,FALSE,FALSE,Dublin,en,eng,FALSE
1393,-0.57681252,0.046,<0.5,349,0.023329808,0.019,12554,0.082820872,0.167,FALSE,FALSE,Hertfordshire,en,eng,FALSE
1127,-0.614266579,0.037,<0.5,348,0.02326296,0.019,2323,-0.601096782,0.03,FALSE,FALSE,null,en,eng,FALSE
983,-0.63454246,0.032,<0.5,351,0.023463503,0.019,4318,-0.467735848,0.057,FALSE,FALSE,null,en,eng,FALSE
934,-0.641441892,0.031,<0.5,360,0.024065131,0.019,2132,-0.613864671,0.028,FALSE,FALSE,St-Michel-de-Bellechasse,fr,others,FALSE
891,-0.647496496,0.029,<0.5,360,0.024065131,0.019,6975,-0.290121812,0.093,FALSE,FALSE,null,en,eng,FALSE
485,-0.704663217,0.016,<0.5,361,0.024131979,0.019,8690,-0.175478201,0.115,FALSE,FALSE,null,en,eng,FALSE
13445,1.12016611,0.447,<0.5,379,0.025335235,0.02,72114,4.064263103,0.962,FALSE,FALSE,Ducked Off,en,eng,FALSE
8261,0.390234379,0.274,<0.5,371,0.024800454,0.02,9275,-0.136372363,0.123,FALSE,FALSE,Greater Houston Area,en,eng,FALSE
5630,0.019777129,0.187,<0.5,365,0.024399369,0.02,2828,-0.567338751,0.037,FALSE,FALSE,null,sv,others,FALSE
3131,-0.332093896,0.104,<0.5,373,0.02493415,0.02,7410,-0.261043112,0.098,FALSE,FALSE,null,en,eng,FALSE
2821,-0.375743363,0.093,<0.5,368,0.024599912,0.02,9372,-0.129888147,0.125,FALSE,FALSE,null,en,eng,FALSE
2821,-0.375743363,0.093,<0.5,368,0.024599912,0.02,9369,-0.13008869,0.125,FALSE,FALSE,null,en,eng,FALSE
1979,-0.494300947,0.065,<0.5,366,0.024466217,0.02,5045,-0.419137653,0.067,FALSE,FALSE,Palm Bay- FL,en,eng,FALSE
1565,-0.552594106,0.052,<0.5,364,0.024332521,0.02,11608,0.019583055,0.154,FALSE,FALSE,null,en,eng,FALSE
875,-0.649749371,0.029,<0.5,370,0.024733607,0.02,3661,-0.511654712,0.048,FALSE,FALSE,Essex,en,eng,FALSE
461,-0.70804253,0.015,<0.5,374,0.025000997,0.02,23534,0.816807368,0.314,FALSE,FALSE,Somewhere,en,eng,FALSE
461,-0.70804253,0.015,<0.5,374,0.025000997,0.02,23533,0.81674052,0.314,FALSE,FALSE,Somewhere,en,eng,FALSE
41,-0.767180518,0.001,<0.5,371,0.024800454,0.02,350,-0.73298707,0.004,FALSE,FALSE,Springfield- MA,en,eng,FALSE
27660,3.121705375,0.92,>0.5,393,0.026271101,0.021,24630,0.890072322,0.328,FALSE,FALSE,null,en,eng,FALSE
13311,1.101298276,0.443,<0.5,392,0.026204254,0.021,16073,0.318057527,0.214,FALSE,FALSE,null,nl,others,FALSE
4582,-0.12778623,0.152,<0.5,389,0.026003711,0.021,14524,0.214510616,0.193,FALSE,FALSE,null,en,eng,FALSE
4364,-0.158481661,0.145,<0.5,385,0.025736321,0.021,2808,-0.568675703,0.037,FALSE,FALSE,London- United Kingdom,en,eng,FALSE
4174,-0.18523456,0.138,<0.5,388,0.025936863,0.021,2135,-0.613664129,0.028,FALSE,FALSE,sydney,en,eng,FALSE
3628,-0.262113944,0.12,<0.5,387,0.025870016,0.021,2802,-0.569076789,0.037,FALSE,FALSE,Liverpool- England,en,eng,FALSE
1629,-0.543582603,0.054,<0.5,392,0.026204254,0.021,18672,0.491794404,0.249,FALSE,FALSE,null,en,eng,FALSE
1609,-0.546398698,0.053,<0.5,393,0.026271101,0.021,2148,-0.61279511,0.028,FALSE,FALSE,Ohio,en,eng,FALSE
1403,-0.575404473,0.046,<0.5,397,0.026538492,0.021,5254,-0.405166507,0.07,FALSE,FALSE,null,en,eng,FALSE
259,-0.736485086,0.008,<0.5,386,0.025803168,0.021,35741,1.632815852,0.477,FALSE,FALSE,Indonesia,en,eng,FALSE
113,-0.757042577,0.003,<0.5,389,0.026003711,0.021,24767,0.899230441,0.33,FALSE,FALSE,bojonegoro,id,others,FALSE
55,-0.765209252,0.001,<0.5,386,0.025803168,0.021,68741,3.838786195,0.917,FALSE,FALSE,Huesca- Espa?a,es,others,FALSE
2,-0.772671902,0,<0.5,397,0.026538492,0.021,2,-0.75625003,0,FALSE,FALSE,null,en,eng,FALSE
23844,2.584394518,0.793,>0.5,408,0.027273815,0.022,29287,1.201381531,0.39,FALSE,FALSE,Ohio- USA,en,eng,FALSE
16939,1.612137843,0.563,>0.5,409,0.027340663,0.022,10930,-0.025739608,0.145,FALSE,FALSE,Indiana,en,eng,FALSE
8230,0.385869432,0.273,<0.5,413,0.027608053,0.022,28324,1.137007305,0.378,FALSE,FALSE,Budapeste- Hungria,pt,others,FALSE
4351,-0.160312123,0.144,<0.5,406,0.02714012,0.022,130,-0.747693539,0.001,FALSE,FALSE,null,en,eng,FALSE
3981,-0.212409874,0.132,<0.5,412,0.027541205,0.022,2557,-0.585454447,0.034,FALSE,FALSE,los angeles,el,others,FALSE
1011,-0.630599928,0.033,<0.5,406,0.02714012,0.022,786,-0.703841522,0.01,FALSE,FALSE,San Diego- CA,en,eng,FALSE
957,-0.638203383,0.031,<0.5,407,0.027206968,0.022,33627,1.491500055,0.448,FALSE,FALSE,Marseille- France,fr,others,FALSE
554,-0.69494769,0.018,<0.5,416,0.027808596,0.022,6820,-0.300483187,0.091,FALSE,FALSE,Dar es Salaam- Tanzania,en,eng,FALSE
237,-0.73958279,0.007,<0.5,408,0.027273815,0.022,631,-0.714202898,0.008,FALSE,FALSE,nw5,en,eng,FALSE
207,-0.743806932,0.006,<0.5,414,0.027674901,0.022,7765,-0.237312218,0.103,FALSE,FALSE,London,en,eng,FALSE
207,-0.743806932,0.006,<0.5,414,0.027674901,0.022,7764,-0.237379066,0.103,FALSE,FALSE,London,en,eng,FALSE
15382,1.392904876,0.511,>0.5,421,0.028142834,0.023,15103,0.253215369,0.201,FALSE,FALSE,null,en-gb,others,FALSE
9801,0.607073666,0.326,<0.5,432,0.028878157,0.023,18201,0.460309191,0.242,FALSE,FALSE,null,fr,others,FALSE
6788,0.182829009,0.225,<0.5,419,0.028009139,0.023,7059,-0.284506614,0.094,FALSE,FALSE,Pennsylvania- USA,en,eng,FALSE
5930,0.062018549,0.197,<0.5,420,0.028075986,0.023,8930,-0.159434781,0.119,FALSE,FALSE,null,en,eng,FALSE
5779,0.040757034,0.192,<0.5,432,0.028878157,0.023,2967,-0.558046937,0.039,FALSE,FALSE,Buxton Water Factory,en,eng,FALSE
3190,-0.323786417,0.106,<0.5,426,0.028477072,0.023,9456,-0.12427295,0.126,FALSE,FALSE,Paris / Libreville / W.D.C,fr,others,FALSE
3088,-0.338148499,0.102,<0.5,420,0.028075986,0.023,21987,0.713394152,0.293,FALSE,FALSE,Being Found,en,eng,FALSE
3070,-0.340682985,0.102,<0.5,430,0.028744462,0.023,1375,-0.664468294,0.018,FALSE,FALSE,Nottingham- England,en,eng,FALSE
2351,-0.441921587,0.078,<0.5,420,0.028075986,0.023,10113,-0.080354086,0.134,FALSE,FALSE,Marseille- France,fr,others,FALSE
1818,-0.516970509,0.06,<0.5,433,0.028945005,0.023,1911,-0.628637988,0.025,FALSE,FALSE,Dijon- France,fr,others,FALSE
1541,-0.55597342,0.051,<0.5,432,0.028878157,0.023,629,-0.714336593,0.008,FALSE,FALSE,Maryland- USA,en,eng,FALSE
1336,-0.58483839,0.044,<0.5,433,0.028945005,0.023,4814,-0.434579445,0.064,FALSE,FALSE,Sudbury Suffolk,en,eng,FALSE
1113,-0.616237845,0.037,<0.5,422,0.028209681,0.023,879,-0.697624697,0.011,FALSE,FALSE,null,en,eng,FALSE
1008,-0.631022342,0.033,<0.5,431,0.02881131,0.023,4488,-0.456371758,0.059,FALSE,FALSE,null,en,eng,FALSE
1008,-0.631022342,0.033,<0.5,431,0.02881131,0.023,4484,-0.456639149,0.059,FALSE,FALSE,null,en,eng,FALSE
409,-0.715364376,0.013,<0.5,420,0.028075986,0.023,29390,1.208266832,0.392,FALSE,FALSE,Tembalang 1- Indonesia,id,others,FALSE
409,-0.715364376,0.013,<0.5,420,0.028075986,0.023,29389,1.208199985,0.392,FALSE,FALSE,Tembalang 1- Indonesia,id,others,FALSE
20849,2.162684345,0.693,>0.5,446,0.029814023,0.024,41372,2.00923461,0.552,FALSE,FALSE,Lagos- Lekki phase1,en,eng,FALSE
13308,1.100875861,0.442,<0.5,449,0.030014566,0.024,15646,0.289513608,0.208,FALSE,FALSE,West Indies,en,eng,FALSE
12501,0.987246443,0.416,<0.5,439,0.02934609,0.024,20878,0.639260179,0.278,FALSE,FALSE,null,en,eng,FALSE
12258,0.953030893,0.407,<0.5,447,0.029880871,0.024,3305,-0.535452453,0.044,FALSE,FALSE,null,en-gb,others,FALSE
10792,0.746611156,0.359,<0.5,438,0.029279243,0.024,42033,2.053420864,0.561,FALSE,FALSE,Metz France ,fr,others,FALSE
7145,0.233096298,0.237,<0.5,446,0.029814023,0.024,9250,-0.138043553,0.123,FALSE,FALSE,india,en,eng,FALSE
7143,0.232814689,0.237,<0.5,446,0.029814023,0.024,9249,-0.138110401,0.123,FALSE,FALSE,india,en,eng,FALSE
7141,0.232533079,0.237,<0.5,446,0.029814023,0.024,9247,-0.138244096,0.123,FALSE,FALSE,india,en,eng,FALSE
5959,0.066101886,0.198,<0.5,437,0.029212395,0.024,2409,-0.59534789,0.032,FALSE,FALSE,San Antonio- TX,en,eng,FALSE
3025,-0.347019198,0.1,<0.5,449,0.030014566,0.024,5690,-0.37602096,0.075,FALSE,FALSE,null,en,eng,FALSE
2873,-0.368421517,0.095,<0.5,444,0.029680328,0.024,28808,1.169361537,0.384,FALSE,FALSE,null,en,eng,FALSE
1542,-0.555832615,0.051,<0.5,451,0.030148261,0.024,14112,0.186969411,0.188,FALSE,FALSE,null,en,eng,FALSE
1200,-0.603987833,0.039,<0.5,438,0.029279243,0.024,1509,-0.655510717,0.02,FALSE,FALSE,South East- England,en-gb,others,FALSE
652,-0.681148827,0.021,<0.5,451,0.030148261,0.024,35463,1.614232223,0.473,FALSE,FALSE,Find us somewhere in the ?,en,eng,FALSE
652,-0.681148827,0.021,<0.5,451,0.030148261,0.024,35462,1.614165375,0.473,FALSE,FALSE,Find us somewhere in the ?,en,eng,FALSE
652,-0.681148827,0.021,<0.5,451,0.030148261,0.024,35460,1.61403168,0.473,FALSE,FALSE,Find us somewhere in the ?,en,eng,FALSE
305,-0.730008069,0.01,<0.5,448,0.029947719,0.024,1828,-0.634186338,0.024,FALSE,FALSE,currently based in London,en,eng,FALSE
19,-0.770278222,0,<0.5,439,0.02934609,0.024,60072,3.259284471,0.801,FALSE,FALSE,null,tr,others,FALSE
13606,1.142835672,0.452,<0.5,453,0.030281957,0.025,18751,0.497075363,0.25,FALSE,FALSE,null,en,eng,FALSE
13606,1.142835672,0.452,<0.5,453,0.030281957,0.025,18749,0.496941668,0.25,FALSE,FALSE,null,en,eng,FALSE
2544,-0.414746274,0.084,<0.5,468,0.03128467,0.025,5098,-0.415594731,0.068,FALSE,FALSE,null,en,eng,FALSE
2258,-0.455016427,0.075,<0.5,456,0.030482499,0.025,8152,-0.211442203,0.108,FALSE,FALSE,Rugby,en,eng,FALSE
1827,-0.515703266,0.06,<0.5,466,0.031150975,0.025,43715,2.165858504,0.583,FALSE,FALSE,?,en,eng,FALSE
1442,-0.569913088,0.047,<0.5,465,0.031084128,0.025,1710,-0.642074353,0.022,FALSE,FALSE,Cooraclare Co. Clare,en,eng,FALSE
999,-0.632289585,0.033,<0.5,469,0.031351518,0.025,41922,2.046000782,0.559,FALSE,FALSE,null,en,eng,FALSE
507,-0.701565513,0.016,<0.5,465,0.031084128,0.025,7235,-0.272741439,0.096,FALSE,FALSE,Helston/Plymouth ,en,eng,FALSE
239,-0.739301181,0.007,<0.5,456,0.030482499,0.025,1765,-0.638397735,0.023,FALSE,FALSE,null,en,eng,FALSE
239,-0.739301181,0.007,<0.5,456,0.030482499,0.025,1762,-0.638598278,0.023,FALSE,FALSE,null,en,eng,FALSE
41,-0.767180518,0.001,<0.5,453,0.030281957,0.025,1579,-0.650831386,0.021,FALSE,FALSE,UK,en,eng,FALSE
29,-0.768870175,0,<0.5,462,0.030883585,0.025,84,-0.750768528,0.001,FALSE,FALSE,null,en,eng,FALSE
15237,1.372488189,0.507,>0.5,487,0.032554774,0.026,6254,-0.338318921,0.083,FALSE,FALSE,Liberal Earth,en,eng,FALSE
15237,1.372488189,0.507,>0.5,487,0.032554774,0.026,6254,-0.338318921,0.083,FALSE,FALSE,Liberal Earth,en,eng,FALSE
2332,-0.444596877,0.077,<0.5,484,0.032354232,0.026,16307,0.333699863,0.217,TRUE,FALSE,null,fr,others,FALSE
2330,-0.444878486,0.077,<0.5,484,0.032354232,0.026,16305,0.333566167,0.217,TRUE,FALSE,null,fr,others,FALSE
1971,-0.495427385,0.065,<0.5,480,0.032086841,0.026,1427,-0.66099222,0.019,FALSE,FALSE,Newton- KS,en,eng,FALSE
1332,-0.585401609,0.044,<0.5,481,0.032153689,0.026,3189,-0.543206773,0.042,FALSE,FALSE,null,en,eng,FALSE
1331,-0.585542414,0.044,<0.5,481,0.032153689,0.026,3181,-0.543741553,0.042,FALSE,FALSE,null,en,eng,FALSE
1313,-0.588076899,0.043,<0.5,480,0.032086841,0.026,107,-0.749231033,0.001,FALSE,FALSE,Waltham Abbey- East,en,eng,FALSE
193,-0.745778199,0.006,<0.5,482,0.032220537,0.026,3000,-0.555840967,0.04,FALSE,FALSE,Caracas- Venezuela,es,others,FALSE
165,-0.749720731,0.005,<0.5,488,0.032621622,0.026,608,-0.715740393,0.008,FALSE,FALSE,null,en-GB,others,FALSE
5773,0.039912206,0.192,<0.5,497,0.03322325,0.027,11930,0.041107978,0.159,FALSE,FALSE,London- England,en,eng,FALSE
4998,-0.069211461,0.166,<0.5,495,0.033089555,0.027,54751,2.903588465,0.73,FALSE,FALSE,DPRZ,es,others,FALSE
2448,-0.428263528,0.081,<0.5,500,0.033423793,0.027,395,-0.729978928,0.005,FALSE,FALSE,Old Bethpage- NY,en,eng,FALSE
2227,-0.459381374,0.074,<0.5,503,0.033624336,0.027,1386,-0.663732971,0.018,FALSE,FALSE,Port Harcourt- Nigeria,en,eng,FALSE
1998,-0.491625657,0.066,<0.5,496,0.033156403,0.027,9195,-0.14172017,0.122,FALSE,FALSE, +49 | +62,en,eng,FALSE
432,-0.712125868,0.014,<0.5,504,0.033691183,0.027,427,-0.727839806,0.005,FALSE,FALSE,null,en,eng,FALSE
0,-0.772953512,0,<0.5,497,0.03322325,0.027,17241,0.396135508,0.23,FALSE,FALSE,null,en,eng,FALSE
0,-0.772953512,0,<0.5,497,0.03322325,0.027,17241,0.396135508,0.23,FALSE,FALSE,null,en,eng,FALSE
19102,1.916698479,0.635,>0.5,520,0.034760745,0.028,10166,-0.076811164,0.135,FALSE,FALSE,Texas,en,eng,FALSE
16930,1.610870601,0.563,>0.5,520,0.034760745,0.028,14098,0.186033545,0.188,FALSE,FALSE,ISLINGTON- NORF LONDON INNIT,en,eng,FALSE
8332,0.400231515,0.277,<0.5,513,0.034292812,0.028,12953,0.109493059,0.172,FALSE,FALSE,Sheffield- England,en,eng,FALSE
5236,-0.035699935,0.174,<0.5,524,0.035028135,0.028,1807,-0.635590137,0.024,FALSE,FALSE,Warszawa- Polska,pl,others,FALSE
2029,-0.487260711,0.067,<0.5,509,0.034025421,0.028,4003,-0.488792838,0.053,FALSE,FALSE,Dedridge- Scotland,en,eng,FALSE
2003,-0.490921634,0.066,<0.5,515,0.034426507,0.028,34678,1.561756868,0.462,FALSE,FALSE,null,en,eng,FALSE
1245,-0.59765162,0.041,<0.5,518,0.03462705,0.028,433,-0.72743872,0.005,FALSE,FALSE,null,en-gb,others,FALSE
1206,-0.603143005,0.04,<0.5,515,0.034426507,0.028,2387,-0.596818537,0.031,FALSE,FALSE,Philadelphia- PA,en,eng,FALSE
271,-0.734795429,0.009,<0.5,523,0.034961288,0.028,164,-0.745420721,0.002,FALSE,FALSE,null,en,eng,FALSE
7395,0.268297481,0.246,<0.5,527,0.035228678,0.029,13636,0.15514996,0.182,FALSE,FALSE,null,en,eng,FALSE
7278,0.251823328,0.242,<0.5,534,0.035696611,0.029,45737,2.301024323,0.61,FALSE,FALSE,null,en,eng,FALSE
3721,-0.249019104,0.123,<0.5,525,0.035094983,0.029,23582,0.820016052,0.314,FALSE,FALSE,San Antonio- TX,en,eng,FALSE
3310,-0.306889849,0.11,<0.5,532,0.035562916,0.029,2917,-0.561389316,0.038,FALSE,FALSE,England- United Kingdom,en,eng,FALSE
2764,-0.383769233,0.091,<0.5,535,0.035763459,0.029,3596,-0.515999805,0.047,FALSE,FALSE,ig// lewisaaron__,en,eng,FALSE
1441,-0.570053893,0.047,<0.5,526,0.03516183,0.029,30759,1.299781178,0.41,FALSE,FALSE,null,en,eng,FALSE
870,-0.650453395,0.028,<0.5,538,0.035964001,0.029,2877,-0.56406322,0.038,FALSE,FALSE,Winchester,en,eng,FALSE
176,-0.748171879,0.005,<0.5,528,0.035295525,0.029,1394,-0.66319819,0.018,FALSE,FALSE,null,en,eng,FALSE
95,-0.759577062,0.003,<0.5,537,0.035897154,0.029,241,-0.740273457,0.003,FALSE,FALSE,Guernsey,en,eng,FALSE
26,-0.769292589,0,<0.5,535,0.035763459,0.029,736,-0.707183902,0.009,FALSE,FALSE,London- England,en,eng,FALSE
26,-0.769292589,0,<0.5,535,0.035763459,0.029,735,-0.707250749,0.009,FALSE,FALSE,London- England,en,eng,FALSE
4277,-0.170731673,0.142,<0.5,551,0.03683302,0.03,2971,-0.557779547,0.039,FALSE,FALSE,Lagos- Nigeria,en,eng,FALSE
824,-0.656930413,0.027,<0.5,547,0.03656563,0.03,2711,-0.575159919,0.036,FALSE,FALSE,Derby,en,eng,FALSE
29,-0.768870175,0,<0.5,553,0.036966715,0.03,1566,-0.651700405,0.02,FALSE,FALSE,Guildford,en,eng,FALSE
14548,1.275473729,0.484,<0.5,562,0.037568343,0.031,5744,-0.37241119,0.076,FALSE,FALSE,Paradise- NV,en,eng,FALSE
14548,1.275473729,0.484,<0.5,562,0.037568343,0.031,5743,-0.372478038,0.076,FALSE,FALSE,Paradise- NV,en,eng,FALSE
10639,0.725068032,0.354,<0.5,567,0.037902581,0.031,4598,-0.449018524,0.061,FALSE,FALSE,GFH,en,eng,FALSE
8767,0.461481574,0.291,<0.5,566,0.037835734,0.031,4928,-0.42695882,0.065,FALSE,FALSE,null,en,eng,FALSE
7169,0.236475612,0.238,<0.5,566,0.037835734,0.031,11598,0.018914579,0.154,FALSE,FALSE,United Kingdom,en,eng,FALSE
1933,-0.500777965,0.064,<0.5,563,0.037635191,0.031,3930,-0.493672711,0.052,FALSE,FALSE,Liverpool- England,en,eng,FALSE
1051,-0.624967738,0.034,<0.5,561,0.037501496,0.031,71458,4.020411087,0.953,FALSE,FALSE,Tanzania,en,eng,FALSE
16719,1.581160802,0.556,>0.5,579,0.038704752,0.032,5456,-0.391663295,0.072,FALSE,FALSE,Toronto- Ontario,en,eng,FALSE
11342,0.824053758,0.377,<0.5,589,0.039373228,0.032,74914,4.251436345,1,FALSE,FALSE,London- England,en,eng,FALSE
2690,-0.394188783,0.089,<0.5,583,0.038972143,0.032,10953,-0.024202114,0.146,FALSE,FALSE,null,en,eng,FALSE
979,-0.635105679,0.032,<0.5,592,0.039573771,0.032,43701,2.164922638,0.583,TRUE,FALSE,London- ON,en,eng,FALSE
83,-0.761266719,0.002,<0.5,593,0.039640619,0.032,28133,1.124239416,0.375,TRUE,FALSE,Meudon- France,fr,others,FALSE
83,-0.761266719,0.002,<0.5,593,0.039640619,0.032,28132,1.124172569,0.375,TRUE,FALSE,Meudon- France,fr,others,FALSE
14665,1.291947883,0.488,<0.5,613,0.04097757,0.033,19521,0.548548004,0.26,FALSE,FALSE,United States,en,eng,FALSE
9425,0.554131087,0.313,<0.5,610,0.040777028,0.033,35161,1.594044252,0.469,FALSE,FALSE,Selangor- Malaysia,en,eng,FALSE
8903,0.480631017,0.296,<0.5,602,0.040242247,0.033,9816,-0.100207819,0.131,FALSE,FALSE,Bar Torino,es,others,FALSE
8878,0.477110899,0.295,<0.5,601,0.040175399,0.033,5837,-0.366194365,0.077,FALSE,FALSE,B-More,en,eng,FALSE
5557,0.009498384,0.184,<0.5,611,0.040843875,0.033,22422,0.742472852,0.299,FALSE,FALSE,null,en,eng,FALSE
4441,-0.147639697,0.147,<0.5,597,0.039908009,0.033,5358,-0.398214358,0.071,FALSE,FALSE,Merseyside,en,eng,FALSE
25164,2.770256764,0.837,>0.5,618,0.041311808,0.034,21353,0.671012782,0.285,FALSE,FALSE,Dublin- Ireland,en,eng,FALSE
19831,2.019345128,0.66,>0.5,630,0.042113979,0.034,16248,0.329755855,0.216,FALSE,FALSE,Smoke me a Kipper...,en,eng,FALSE
13695,1.155367293,0.455,<0.5,632,0.042247674,0.034,5508,-0.38818722,0.073,FALSE,FALSE,Gibraltar ,en,eng,FALSE
6404,0.128759992,0.213,<0.5,625,0.041779741,0.034,22435,0.743341871,0.299,FALSE,FALSE,scotland,en,eng,FALSE
3500,-0.28013695,0.116,<0.5,615,0.041111265,0.034,2646,-0.579505012,0.035,FALSE,FALSE,La Garde,fr,others,FALSE
1718,-0.531050982,0.057,<0.5,632,0.042247674,0.034,1420,-0.661460153,0.018,FALSE,FALSE,null,en,eng,FALSE
30045,3.457524661,1,>0.5,650,0.043450931,0.035,25016,0.91587549,0.333,FALSE,FALSE,? B3xGraphics@Gmail.com,en,eng,FALSE
30037,3.456398223,0.999,>0.5,650,0.043450931,0.035,25006,0.915207015,0.333,FALSE,FALSE,? B3xGraphics@Gmail.com,en,eng,FALSE
25747,2.852345923,0.856,>0.5,647,0.043250388,0.035,2405,-0.59561528,0.032,FALSE,FALSE,Bellingham- WA,en,eng,FALSE
13260,1.094117234,0.441,<0.5,643,0.042982998,0.035,12298,0.06570789,0.164,FALSE,FALSE,Norway,en,eng,FALSE
3437,-0.289007648,0.114,<0.5,645,0.043116693,0.035,3206,-0.542070364,0.042,FALSE,FALSE,South Texas,en,eng,FALSE
2920,-0.361803694,0.097,<0.5,636,0.042515065,0.035,7236,-0.272674592,0.096,FALSE,FALSE,Northway- Gloucestershire ,en,eng,FALSE
1316,-0.587654485,0.043,<0.5,638,0.04264876,0.035,2124,-0.614399452,0.028,FALSE,FALSE,null,en,eng,FALSE
1184,-0.606240709,0.039,<0.5,651,0.043517779,0.035,1027,-0.687731254,0.013,FALSE,FALSE,null,en,eng,FALSE
416,-0.714378743,0.013,<0.5,639,0.042715608,0.035,5161,-0.411383333,0.068,FALSE,FALSE,Birmingham,en,eng,FALSE
6,-0.772108683,0,<0.5,637,0.042581912,0.035,1671,-0.644681409,0.022,FALSE,FALSE,Brasil,pt,others,FALSE
15303,1.381781302,0.509,>0.5,666,0.044520492,0.036,13669,0.15735593,0.182,FALSE,FALSE,null,en,eng,FALSE
8047,0.360102166,0.267,<0.5,669,0.044721035,0.036,7421,-0.260307788,0.099,FALSE,FALSE,null,en,eng,FALSE
1504,-0.561183195,0.05,<0.5,654,0.043718321,0.036,1157,-0.679041068,0.015,FALSE,FALSE,avfc,en,eng,FALSE
27675,3.123817446,0.921,>0.5,673,0.044988425,0.037,10567,-0.050005282,0.141,FALSE,FALSE,United Kingdom,en,eng,FALSE
11262,0.81278938,0.374,<0.5,676,0.045188968,0.037,11225,-0.00601957,0.149,FALSE,FALSE,Michigan- USA,en,eng,FALSE
2188,-0.464872758,0.072,<0.5,680,0.045456359,0.037,3072,-0.55102794,0.04,FALSE,FALSE,North West- England,en,eng,FALSE
611,-0.686921821,0.02,<0.5,685,0.045790597,0.037,3246,-0.53939646,0.043,FALSE,FALSE,Newbury / Bournemouth,en,eng,FALSE
5094,-0.055694207,0.169,<0.5,688,0.045991139,0.038,5848,-0.365459041,0.078,FALSE,FALSE,Rochester- South East,en,eng,FALSE
3342,-0.302384098,0.111,<0.5,690,0.046124834,0.038,6958,-0.29125822,0.092,FALSE,FALSE,null,en,eng,FALSE
882,-0.648763738,0.029,<0.5,689,0.046057987,0.038,55734,2.969299642,0.743,FALSE,FALSE,Old Coulsdon,en,eng,FALSE
46,-0.766476494,0.001,<0.5,694,0.046392225,0.038,4599,-0.448951676,0.061,FALSE,FALSE,null,es,others,FALSE
25702,2.84600971,0.855,>0.5,722,0.048263957,0.039,9474,-0.123069694,0.126,FALSE,FALSE,Championship,en,eng,FALSE
3751,-0.244794962,0.124,<0.5,710,0.047461786,0.039,27820,1.103316122,0.371,FALSE,FALSE,null,en,eng,FALSE
2647,-0.400243386,0.088,<0.5,714,0.047729177,0.039,6004,-0.355030818,0.08,FALSE,FALSE,@irelands4courts - Arlington,en,eng,FALSE
388,-0.718321276,0.012,<0.5,717,0.047929719,0.039,216,-0.741944646,0.002,FALSE,FALSE,Lonely Lodge,en,eng,FALSE
314,-0.728740826,0.01,<0.5,714,0.047729177,0.039,559,-0.719015924,0.007,FALSE,FALSE,London,en,eng,FALSE
20899,2.169724582,0.695,>0.5,732,0.048932433,0.04,40514,1.951879381,0.54,FALSE,FALSE,Sadio Mane??s hairline,en,eng,FALSE
20898,2.169583777,0.695,>0.5,732,0.048932433,0.04,40511,1.951678838,0.54,FALSE,FALSE,Sadio Mane??s hairline,en,eng,FALSE
16809,1.593833228,0.559,>0.5,737,0.049266671,0.04,16069,0.317790137,0.214,FALSE,FALSE,Marshe ,en,eng,FALSE
15039,1.344608853,0.5,<0.5,726,0.048531348,0.04,21324,0.669074202,0.284,FALSE,FALSE,Pennsylvania- USA,en,eng,FALSE
8624,0.441346497,0.287,<0.5,740,0.049467214,0.04,10567,-0.050005282,0.141,FALSE,FALSE,Antrim- Northern Ireland,en,eng,FALSE
8574,0.43430626,0.285,<0.5,725,0.0484645,0.04,3816,-0.501293336,0.05,FALSE,FALSE,null,en,eng,FALSE
2217,-0.460789421,0.073,<0.5,726,0.048531348,0.04,2675,-0.577566432,0.035,FALSE,FALSE,Romford- London,en,eng,FALSE
2116,-0.475010699,0.07,<0.5,737,0.049266671,0.04,1456,-0.65905364,0.019,FALSE,FALSE,null,en,eng,FALSE
10328,0.68127776,0.343,<0.5,747,0.049935147,0.041,4797,-0.435715854,0.064,FALSE,FALSE,Newnan- GA,en,eng,FALSE
3627,-0.262254749,0.12,<0.5,742,0.049600909,0.041,13000,0.112634895,0.173,FALSE,FALSE,New Jersey- USA,en,eng,FALSE
2206,-0.462338273,0.073,<0.5,753,0.050336232,0.041,4422,-0.460783699,0.059,FALSE,FALSE,6.671883--1.56462,en,eng,FALSE
1872,-0.509367054,0.062,<0.5,758,0.05067047,0.041,4879,-0.430234352,0.065,FALSE,FALSE,null,en,eng,FALSE
4767,-0.101737354,0.158,<0.5,776,0.051873727,0.042,2868,-0.564664848,0.038,FALSE,FALSE,Liverpool- England,en,eng,FALSE
3535,-0.275208784,0.117,<0.5,772,0.051606337,0.042,71456,4.020277392,0.953,FALSE,FALSE,null,en,eng,FALSE
796,-0.660872945,0.026,<0.5,771,0.051539489,0.042,178,-0.744484855,0.002,FALSE,FALSE,Hilliard- OH,en,eng,FALSE
764,-0.665378697,0.025,<0.5,776,0.051873727,0.042,1179,-0.677570421,0.015,FALSE,FALSE,Formby- Liverpool,en,eng,FALSE
269,-0.735077039,0.008,<0.5,769,0.051405794,0.042,5567,-0.384243213,0.074,FALSE,FALSE,Huddersfield,en,eng,FALSE
9959,0.629320814,0.331,<0.5,791,0.052876441,0.043,1673,-0.644547713,0.022,FALSE,FALSE,Neelay | Brandon | Ryan | Rynn,en,eng,FALSE
6911,0.200147991,0.23,<0.5,793,0.053010136,0.043,21733,0.696414865,0.29,FALSE,FALSE,UK,en,eng,FALSE
5573,0.01175126,0.185,<0.5,785,0.052475355,0.043,5447,-0.392264923,0.072,FALSE,FALSE,Catalina -CA,en,eng,FALSE
4844,-0.09089539,0.161,<0.5,778,0.052007422,0.043,2950,-0.559183346,0.039,FALSE,FALSE,null,en,eng,FALSE
4490,-0.140740265,0.149,<0.5,783,0.05234166,0.043,74384,4.216007124,0.992,FALSE,FALSE,#Rotherhamiswonderful,en,eng,FALSE
4216,-0.179320762,0.14,<0.5,778,0.052007422,0.043,58495,3.153865828,0.78,FALSE,FALSE,North London / Cyprus,en,eng,FALSE
2016,-0.489091172,0.067,<0.5,792,0.052943288,0.043,368,-0.731783813,0.004,FALSE,FALSE,Monte Grande- Argentina,en,eng,FALSE
523,-0.699312637,0.017,<0.5,782,0.052274812,0.043,748,-0.706381731,0.009,FALSE,FALSE,null,en,eng,FALSE
22463,2.389943183,0.747,>0.5,799,0.053411221,0.044,17841,0.43624406,0.238,FALSE,FALSE,The Bar,en,eng,FALSE
21421,2.243224652,0.712,>0.5,810,0.054146545,0.044,27079,1.053782061,0.361,FALSE,FALSE,planet earth,en,eng,FALSE
18160,1.784060421,0.604,>0.5,811,0.054213392,0.044,37214,1.731282346,0.496,FALSE,FALSE,Ascot- South East,en,eng,FALSE
18157,1.783638007,0.604,>0.5,811,0.054213392,0.044,37211,1.731081804,0.496,FALSE,FALSE,Ascot- South East,en,eng,FALSE
1993,-0.492329681,0.066,<0.5,797,0.053277526,0.044,69981,3.921677202,0.934,FALSE,FALSE,Melbourne- Australia,en,eng,FALSE
1336,-0.58483839,0.044,<0.5,806,0.053879154,0.044,4102,-0.482174927,0.054,FALSE,FALSE,London- England,en,eng,FALSE
26949,3.021593211,0.896,>0.5,829,0.055416649,0.045,18447,0.476753697,0.246,FALSE,FALSE,10017,en,eng,FALSE
17123,1.638045914,0.569,>0.5,824,0.055082411,0.045,20023,0.582105493,0.267,FALSE,FALSE,Norway,no,others,FALSE
7013,0.214510074,0.233,<0.5,821,0.054881868,0.045,5612,-0.381235071,0.074,FALSE,FALSE,Iceland,en,eng,FALSE
6439,0.133688157,0.214,<0.5,839,0.056085125,0.046,71043,3.992669339,0.948,FALSE,FALSE,null,fr,others,FALSE
2916,-0.362366913,0.097,<0.5,833,0.055684039,0.046,6322,-0.333773285,0.084,FALSE,FALSE,London,en,eng,FALSE
429,-0.712548282,0.014,<0.5,836,0.055884582,0.046,369,-0.731716966,0.004,FALSE,FALSE,null,en,eng,FALSE
2553,-0.413479031,0.084,<0.5,854,0.057087839,0.047,1597,-0.64962813,0.021,FALSE,FALSE,???????W??a??????????,ja,others,FALSE
975,-0.635668898,0.032,<0.5,865,0.057823162,0.047,12137,0.054945428,0.162,FALSE,FALSE,alkhobar.,ar,others,FALSE
7583,0.294768771,0.252,<0.5,876,0.058558485,0.048,12879,0.104546337,0.171,FALSE,FALSE,Toronto- ON,en,eng,FALSE
1,-0.772812707,0,<0.5,871,0.058224248,0.048,15359,0.270328351,0.205,FALSE,FALSE,null,id,others,FALSE
4820,-0.094274704,0.16,<0.5,900,0.060162828,0.049,20800,0.634046067,0.277,FALSE,FALSE,Salisbury- Wiltshire,en,eng,FALSE
2554,-0.413338226,0.085,<0.5,898,0.060029132,0.049,23174,0.792742237,0.309,FALSE,FALSE,Cape town- South Africa-,en,eng,FALSE
29171,3.334461325,0.97,>0.5,920,0.061499779,0.05,6245,-0.338920549,0.083,FALSE,FALSE,Melbourne,en,eng,FALSE
21758,2.290675847,0.724,>0.5,907,0.060630761,0.05,4592,-0.449419609,0.061,FALSE,FALSE,Essex / London,en,eng,FALSE
21757,2.290535042,0.724,>0.5,907,0.060630761,0.05,4591,-0.449486457,0.061,FALSE,FALSE,Essex / London,en,eng,FALSE
14441,1.260407623,0.48,<0.5,907,0.060630761,0.05,4536,-0.453163074,0.06,FALSE,FALSE,Bristol- England,en,eng,FALSE
507,-0.701565513,0.016,<0.5,917,0.061299237,0.05,7066,-0.284038681,0.094,FALSE,FALSE,null,en,eng,FALSE
13330,1.103973566,0.443,<0.5,933,0.062368798,0.051,7328,-0.266524614,0.097,FALSE,FALSE,Louisville- KY,en,eng,FALSE
2844,-0.372504854,0.094,<0.5,934,0.062435645,0.051,9202,-0.141252237,0.122,FALSE,FALSE,null,en,eng,FALSE
2458,-0.426855481,0.081,<0.5,935,0.062502493,0.051,3570,-0.517737842,0.047,FALSE,FALSE,null,en,eng,FALSE
2154,-0.469660119,0.071,<0.5,931,0.062235103,0.051,21192,0.660250321,0.282,FALSE,FALSE,Lagos- Nigeria,en,eng,FALSE
1378,-0.578924591,0.045,<0.5,932,0.06230195,0.051,11546,0.015438505,0.154,FALSE,FALSE,Virginia- USA,en,eng,FALSE
1351,-0.582726319,0.044,<0.5,938,0.062703036,0.051,1437,-0.660323744,0.019,FALSE,FALSE,Indianapolis,en,eng,FALSE
821,-0.657352827,0.027,<0.5,930,0.062168255,0.051,3619,-0.514462311,0.048,FALSE,FALSE,Northern Ireland- United Kingdom,en,eng,FALSE
820,-0.657493632,0.027,<0.5,930,0.062168255,0.051,3616,-0.514662853,0.048,FALSE,FALSE,Northern Ireland- United Kingdom,en,eng,FALSE
18875,1.884735804,0.628,>0.5,942,0.062970426,0.052,61213,3.335557567,0.817,FALSE,FALSE,Premier League & deluded ,en,eng,FALSE
16979,1.617770033,0.565,>0.5,955,0.063839445,0.052,39543,1.886970375,0.527,FALSE,FALSE,null,en,eng,FALSE
5116,-0.052596503,0.17,<0.5,954,0.063772597,0.052,13343,0.135563617,0.178,FALSE,FALSE,Straight outta Souffffhamton,en,eng,FALSE
3727,-0.248174276,0.124,<0.5,946,0.063237817,0.052,22054,0.71787294,0.294,FALSE,FALSE,SpaceTime.. ,en,eng,FALSE
435,-0.711703453,0.014,<0.5,942,0.062970426,0.052,2980,-0.557177918,0.039,FALSE,FALSE,null,en,eng,FALSE
1192,-0.605114271,0.039,<0.5,962,0.064307378,0.053,2053,-0.619145631,0.027,FALSE,FALSE,Leeds- England,en,eng,FALSE
27626,3.116918014,0.919,>0.5,983,0.065711177,0.054,36087,1.655945117,0.481,FALSE,FALSE,Boston- MA,en,eng,FALSE
25075,2.757725143,0.834,>0.5,987,0.065978568,0.054,10554,-0.050874301,0.14,FALSE,FALSE,null,en,eng,FALSE
13027,1.061309732,0.433,<0.5,980,0.065510634,0.054,3592,-0.516267196,0.047,FALSE,FALSE,Croydon- London,en,eng,FALSE
13027,1.061309732,0.433,<0.5,980,0.065510634,0.054,3590,-0.516400891,0.047,FALSE,FALSE,Croydon- London,en,eng,FALSE
13026,1.061168927,0.433,<0.5,980,0.065510634,0.054,3587,-0.516601433,0.047,FALSE,FALSE,Croydon- London,en,eng,FALSE
12863,1.038217756,0.428,<0.5,988,0.066045415,0.054,70850,3.979767755,0.945,FALSE,FALSE,null,en-gb,others,FALSE
7580,0.294346357,0.252,<0.5,991,0.066245958,0.054,1443,-0.659922658,0.019,FALSE,FALSE,Barpeta- India,en,eng,FALSE
7186,0.238869292,0.239,<0.5,982,0.06564433,0.054,2139,-0.613396738,0.028,FALSE,FALSE,Canberra- Australian Capital T,en,eng,FALSE
3710,-0.250567956,0.123,<0.5,992,0.066312805,0.054,23409,0.808451419,0.312,FALSE,FALSE,Nigeria,en,eng,FALSE
3710,-0.250567956,0.123,<0.5,992,0.066312805,0.054,23407,0.808317724,0.312,FALSE,FALSE,Nigeria,en,eng,FALSE
2962,-0.355889896,0.098,<0.5,993,0.066379653,0.054,3744,-0.506106362,0.049,FALSE,FALSE,Toronto- Ontario,en,eng,FALSE
2717,-0.390387055,0.09,<0.5,990,0.06617911,0.054,2776,-0.570814826,0.037,FALSE,FALSE,ENGLAND,en,eng,FALSE
2101,-0.47712277,0.069,<0.5,994,0.066446501,0.054,12170,0.057151399,0.162,FALSE,FALSE,Lancashire,en,eng,FALSE
18373,1.814051829,0.611,>0.5,1004,0.067114977,0.055,10454,-0.057559059,0.139,FALSE,FALSE,England- United Kingdom,en-GB,others,FALSE
16848,1.599324613,0.56,>0.5,1000,0.066847586,0.055,7561,-0.250949126,0.1,FALSE,FALSE,Waterford- Ireland,en,eng,FALSE
4518,-0.136797733,0.15,<0.5,999,0.066780739,0.055,5864,-0.36438948,0.078,FALSE,FALSE,null,en,eng,FALSE
23582,2.547503678,0.784,>0.5,1024,0.068451928,0.056,18195,0.459908105,0.242,FALSE,FALSE,Germany,en,eng,FALSE
20870,2.165641245,0.694,>0.5,1024,0.068451928,0.056,5175,-0.410447467,0.069,FALSE,FALSE,null,en,eng,FALSE
18603,1.846436917,0.619,>0.5,1019,0.06811769,0.056,5083,-0.416597445,0.067,FALSE,FALSE,null,en,eng,FALSE
3511,-0.278588098,0.116,<0.5,1015,0.0678503,0.056,15968,0.311038531,0.213,FALSE,FALSE,dundee,en,eng,FALSE
3402,-0.293935814,0.113,<0.5,1014,0.067783452,0.056,2007,-0.62222062,0.026,FALSE,FALSE,Takoradi- Ghana,en,eng,FALSE
827,-0.656507998,0.027,<0.5,1013,0.067716605,0.056,6892,-0.295670161,0.091,FALSE,FALSE,Wales- United Kingdom,en,eng,FALSE
0,-0.772953512,0,<0.5,1031,0.068919861,0.056,118,-0.74849571,0.001,FALSE,FALSE,Richardson- TX,en,eng,FALSE
1988,-0.493033705,0.066,<0.5,1034,0.069120404,0.057,13986,0.178546615,0.186,FALSE,FALSE,Bournemouth- England,en,eng,FALSE
1029,-0.628065443,0.034,<0.5,1042,0.069655185,0.057,229,-0.741075628,0.003,FALSE,FALSE,null,en,eng,FALSE
5168,-0.045274657,0.172,<0.5,1060,0.070858441,0.058,16420,0.34125364,0.219,FALSE,FALSE,North West- England,en,eng,FALSE
3516,-0.277884074,0.117,<0.5,1063,0.071058984,0.058,1473,-0.657917231,0.019,FALSE,FALSE,null,en,eng,FALSE
7231,0.245205505,0.24,<0.5,1078,0.072061698,0.059,68988,3.855297549,0.92,FALSE,FALSE,Missouri,en,eng,FALSE
4025,-0.206214466,0.133,<0.5,1069,0.07146007,0.059,13295,0.132354933,0.177,FALSE,FALSE,Northampton- UK,en,eng,FALSE
22926,2.455135774,0.763,>0.5,1086,0.072596479,0.06,10629,-0.045860732,0.141,FALSE,FALSE,null,en,eng,FALSE
18282,1.801238598,0.608,>0.5,1092,0.072997564,0.06,42732,2.100147327,0.57,FALSE,FALSE,VA,en,eng,FALSE
9781,0.604257572,0.325,<0.5,1100,0.073532345,0.06,4659,-0.444940821,0.062,FALSE,FALSE,Dagenham,en-GB,others,FALSE
96,-0.759436258,0.003,<0.5,1099,0.073465497,0.06,3431,-0.527029657,0.045,FALSE,FALSE,null,it,others,FALSE
96,-0.759436258,0.003,<0.5,1099,0.073465497,0.06,3431,-0.527029657,0.045,FALSE,FALSE,null,it,others,FALSE
12208,0.945990656,0.406,<0.5,1110,0.074200821,0.061,5999,-0.355365056,0.08,FALSE,FALSE,bristol,en,eng,FALSE
1605,-0.546961917,0.053,<0.5,1121,0.074936144,0.061,4133,-0.480102651,0.055,FALSE,FALSE,London- England,en,eng,FALSE
763,-0.665519501,0.025,<0.5,1120,0.074869297,0.061,15681,0.291853274,0.209,FALSE,FALSE,Chesterfield- Derbyshire,en,eng,FALSE
3845,-0.231559317,0.127,<0.5,1134,0.075805163,0.062,3907,-0.495210206,0.052,FALSE,FALSE,Logicville- USA,en,eng,FALSE
2459,-0.426714676,0.081,<0.5,1141,0.076273096,0.063,31429,1.34456906,0.419,FALSE,FALSE,Lekki- Nigeria,en,eng,FALSE
615,-0.686358602,0.02,<0.5,1145,0.076540486,0.063,309,-0.735727821,0.004,FALSE,FALSE,Coventry- England,en,eng,FALSE
29,-0.768870175,0,<0.5,1152,0.077008419,0.063,1238,-0.673626413,0.016,FALSE,FALSE,United States,en,eng,FALSE
18220,1.792508705,0.606,>0.5,1166,0.077944285,0.064,51876,2.711401655,0.692,FALSE,FALSE,DPRV/HR,en,eng,FALSE
8877,0.476970094,0.295,<0.5,1167,0.078011133,0.064,15395,0.272734864,0.205,FALSE,FALSE,United States,en,eng,FALSE
7821,0.328280297,0.26,<0.5,1161,0.077610048,0.064,5902,-0.361849271,0.078,FALSE,FALSE,United States,en,eng,FALSE
16933,1.611293015,0.563,>0.5,1191,0.079615475,0.065,7652,-0.244865996,0.102,FALSE,FALSE,canada,en,eng,FALSE
9309,0.537797738,0.309,<0.5,1181,0.078946999,0.065,38861,1.841380321,0.518,FALSE,FALSE,South Africa,en,eng,FALSE
5713,0.031463922,0.19,<0.5,1195,0.079882865,0.066,5271,-0.404030098,0.07,FALSE,FALSE,null,en,eng,FALSE
4522,-0.136234514,0.15,<0.5,1200,0.080217103,0.066,3143,-0.546281762,0.041,FALSE,FALSE,Glasgow- Scotland,en,eng,FALSE
431,-0.712266672,0.014,<0.5,1211,0.080952427,0.066,774,-0.704643693,0.01,FALSE,FALSE,Los Angeles- CA,en,eng,FALSE
12056,0.924588337,0.401,<0.5,1216,0.081286665,0.067,9076,-0.149675033,0.121,FALSE,FALSE,null,en,eng,FALSE
12056,0.924588337,0.401,<0.5,1216,0.081286665,0.067,9074,-0.149808728,0.121,FALSE,FALSE,null,en,eng,FALSE
9270,0.532306354,0.308,<0.5,1225,0.081888293,0.067,13489,0.145323365,0.18,FALSE,FALSE,Wakanda,en,eng,FALSE
6224,0.10341514,0.207,<0.5,1218,0.08142036,0.067,46427,2.347149158,0.619,FALSE,FALSE,Melbourne- Australia,en,eng,FALSE
13145,1.07792469,0.437,<0.5,1231,0.082289379,0.068,18237,0.462715704,0.243,FALSE,FALSE,somewhere in the universe,en,eng,FALSE
10220,0.666070849,0.34,<0.5,1238,0.082757312,0.068,19436,0.54286596,0.259,FALSE,FALSE,London,en,eng,FALSE
5854,0.051317389,0.194,<0.5,1242,0.083024702,0.068,6813,-0.30095112,0.09,FALSE,FALSE,USA,en,eng,FALSE
1047,-0.625530957,0.034,<0.5,1238,0.082757312,0.068,9820,-0.099940429,0.131,FALSE,FALSE,USA,en,eng,FALSE
4947,-0.076392503,0.164,<0.5,1264,0.084495349,0.069,5829,-0.366729145,0.077,FALSE,FALSE,New York- NY,en,eng,FALSE
812,-0.658620069,0.027,<0.5,1263,0.084428501,0.069,18501,0.480363467,0.246,FALSE,FALSE,Conurbano Sur - Argentina,en,eng,FALSE
7312,0.256610688,0.243,<0.5,1271,0.084963282,0.07,6738,-0.305964689,0.089,FALSE,FALSE,I'll BE ABOUT ,en,eng,FALSE
1070,-0.622292449,0.035,<0.5,1282,0.085698605,0.07,4146,-0.479233633,0.055,TRUE,FALSE,London- England,en,eng,FALSE
11760,0.882910136,0.391,<0.5,1286,0.085965996,0.071,22446,0.744077194,0.299,FALSE,FALSE,null,en,eng,FALSE
9989,0.633544956,0.332,<0.5,1288,0.086099691,0.071,13768,0.163973841,0.183,FALSE,FALSE,Wales,en,eng,FALSE
3513,-0.278306488,0.116,<0.5,1291,0.086300234,0.071,16093,0.319394479,0.214,TRUE,FALSE,Usually London,en,eng,FALSE
3513,-0.278306488,0.116,<0.5,1291,0.086300234,0.071,16091,0.319260784,0.214,TRUE,FALSE,Usually London,en,eng,FALSE
955,-0.638484993,0.031,<0.5,1297,0.086701319,0.071,6002,-0.355164513,0.08,FALSE,FALSE,null,en,eng,FALSE
4109,-0.194386868,0.136,<0.5,1305,0.0872361,0.072,9522,-0.11986101,0.127,FALSE,FALSE,Walsall- UK,en,eng,FALSE
3092,-0.337585281,0.102,<0.5,1318,0.088105119,0.072,44420,2.212986052,0.592,FALSE,FALSE,London- England,en,eng,FALSE
853,-0.652847075,0.028,<0.5,1308,0.087436643,0.072,25418,0.94274822,0.339,FALSE,FALSE,Badagry- Nigeria,en,eng,FALSE
26005,2.888673544,0.865,>0.5,1326,0.088639899,0.073,28931,1.17758379,0.386,FALSE,FALSE,Boleyn Ground?,en,eng,FALSE
22008,2.32587703,0.732,>0.5,1326,0.088639899,0.073,70255,3.939993441,0.937,FALSE,FALSE,Buffalo- NY,en,eng,FALSE
17370,1.672824683,0.578,>0.5,1333,0.089107832,0.073,29881,1.241088997,0.398,FALSE,FALSE,dom.bald.dont.lie@gmail.com,fr,others,FALSE
4218,-0.179039152,0.14,<0.5,1329,0.088840442,0.073,10812,-0.033627623,0.144,FALSE,FALSE,United States,en,eng,FALSE
5705,0.030337484,0.189,<0.5,1348,0.090110546,0.074,23037,0.783584117,0.307,FALSE,FALSE,null,en,eng,FALSE
5301,-0.026547628,0.176,<0.5,1359,0.09084587,0.075,2839,-0.566603428,0.037,FALSE,FALSE,Harare- Zimbabwe,en,eng,FALSE
1782,-0.522039479,0.059,<0.5,1373,0.091781736,0.075,34844,1.572853567,0.465,FALSE,FALSE,Camden Town- London,en,eng,FALSE
2515,-0.418829611,0.083,<0.5,1415,0.094589334,0.078,22219,0.728902792,0.296,FALSE,FALSE,null,en,eng,FALSE
17164,1.643818908,0.571,>0.5,1443,0.096461067,0.079,28369,1.140015447,0.378,FALSE,FALSE,Albert Tatlock's box room ,en,eng,FALSE
227,-0.740990838,0.007,<0.5,1434,0.095859439,0.079,641,-0.713534422,0.008,FALSE,FALSE,Fort Lauderdale FL,en,eng,FALSE
181,-0.747467855,0.006,<0.5,1479,0.09886758,0.081,209,-0.74241258,0.002,FALSE,FALSE,null,fi,others,FALSE
4758,-0.103004597,0.158,<0.5,1495,0.099937141,0.082,3241,-0.539730698,0.043,FALSE,FALSE,New South Wales- Australia,en,eng,FALSE
1646,-0.541188923,0.054,<0.5,1517,0.101407788,0.083,2570,-0.584585429,0.034,FALSE,FALSE,England- United Kingdom,en,eng,FALSE
1590,-0.549073988,0.052,<0.5,1514,0.101207245,0.083,8489,-0.188914566,0.113,FALSE,FALSE,null,el,others,FALSE
405,-0.715927595,0.013,<0.5,1535,0.102611045,0.084,1752,-0.639266754,0.023,FALSE,FALSE,Sheffield- England,en,eng,FALSE
5281,-0.029363722,0.175,<0.5,1579,0.105552339,0.087,2331,-0.600562002,0.031,FALSE,FALSE,Liverpool- England,en,eng,FALSE
1582,-0.550200426,0.052,<0.5,1580,0.105619186,0.087,12431,0.074598619,0.165,FALSE,FALSE,Melbourne,en,eng,FALSE
1338,-0.58455678,0.044,<0.5,1604,0.107223528,0.088,11817,0.033554201,0.157,FALSE,FALSE,Nigeria,en,eng,FALSE
1800,-0.519504994,0.059,<0.5,1626,0.108694175,0.089,14231,0.194924274,0.189,FALSE,FALSE,Midlands- Uk,en,eng,FALSE
1799,-0.519645799,0.059,<0.5,1626,0.108694175,0.089,14229,0.194790578,0.189,FALSE,FALSE,Midlands- Uk,en,eng,FALSE
25303,2.789828622,0.842,>0.5,1642,0.109763736,0.09,72667,4.101229819,0.97,FALSE,FALSE,Eagle Peak,en,eng,FALSE
2806,-0.377855434,0.093,<0.5,1630,0.108961565,0.09,7236,-0.272674592,0.096,FALSE,FALSE,Cape Cod- MA,en,eng,FALSE
18443,1.82390816,0.613,>0.5,1667,0.111434926,0.092,15724,0.29472772,0.209,FALSE,FALSE,Corner Brook- Newfoundland,en,eng,FALSE
7259,0.249148038,0.241,<0.5,1670,0.111635469,0.092,2463,-0.59173812,0.032,FALSE,FALSE,Boston- MA,en,eng,FALSE
1802,-0.519223385,0.059,<0.5,1674,0.111902859,0.092,4474,-0.457307625,0.059,FALSE,FALSE,United States,en,eng,FALSE
24818,2.721538327,0.826,>0.5,1689,0.112905573,0.093,9908,-0.094057841,0.132,FALSE,FALSE,Port Orange- FL,en,eng,FALSE
22452,2.388394331,0.747,>0.5,1730,0.115646324,0.095,28648,1.158665923,0.382,FALSE,FALSE,Amsterdam- The Netherlands,en,eng,FALSE
15915,1.467953798,0.529,>0.5,1728,0.115512629,0.095,42591,2.090721817,0.568,FALSE,FALSE,null,en,eng,FALSE
2608,-0.405734771,0.086,<0.5,1732,0.115780019,0.095,1715,-0.641740115,0.022,FALSE,FALSE,Dudley- England,en,eng,FALSE
9365,0.545682803,0.311,<0.5,1741,0.116381648,0.096,10569,-0.049871587,0.141,FALSE,FALSE,30.536612--97.72443,en,eng,FALSE
9166,0.517662662,0.305,<0.5,1746,0.116715885,0.096,17401,0.406831122,0.232,FALSE,FALSE,Indianapolis- Indiana,en,eng,FALSE
455,-0.708887359,0.015,<0.5,1745,0.116649038,0.096,31033,1.318097416,0.414,FALSE,FALSE,Federal Capital Territory- Nig,en,eng,FALSE
6685,0.168326122,0.222,<0.5,1776,0.118721313,0.098,2987,-0.556709985,0.039,FALSE,FALSE,null,en-GB,others,FALSE
1958,-0.497257847,0.065,<0.5,1779,0.118921856,0.098,39897,1.91063442,0.532,FALSE,FALSE,Romans 12.12 street- Vision Av,en,eng,FALSE
2930,-0.360395647,0.097,<0.5,1805,0.120659893,0.099,2933,-0.560319755,0.039,FALSE,FALSE,Earth,en,eng,FALSE
28265,3.206892238,0.94,>0.5,1819,0.121595759,0.1,26462,1.0125371,0.353,FALSE,FALSE,Your Head,en,eng,FALSE
17314,1.664939618,0.576,>0.5,1844,0.123266949,0.101,21897,0.707377869,0.292,FALSE,FALSE,Albany- NY,en,eng,FALSE
1339,-0.584415976,0.044,<0.5,1831,0.12239793,0.101,43423,2.146339009,0.579,FALSE,FALSE,Hampshire UK,en,eng,FALSE
1339,-0.584415976,0.044,<0.5,1831,0.12239793,0.101,43416,2.145871076,0.579,FALSE,FALSE,Hampshire UK,en,eng,FALSE
7424,0.272380818,0.247,<0.5,1861,0.124403358,0.102,6757,-0.304694585,0.09,FALSE,FALSE,Stinkfist- AL,en,eng,FALSE
18176,1.786313297,0.604,>0.5,1874,0.125272376,0.103,14344,0.202478051,0.191,FALSE,FALSE,Northern Ireland,en,eng,FALSE
25420,2.806302775,0.846,>0.5,1899,0.126943566,0.104,50161,2.596758044,0.669,FALSE,FALSE,The Terry Nation,en,eng,FALSE
5155,-0.047105118,0.171,<0.5,1894,0.126609328,0.104,6953,-0.291592458,0.092,FALSE,FALSE,Antrim- Northern Ireland,en,eng,FALSE
970,-0.636372922,0.032,<0.5,1890,0.126341938,0.104,701,-0.709523567,0.009,FALSE,FALSE,Soweto- South Africa,en,eng,FALSE
234,-0.740005205,0.007,<0.5,1897,0.126809871,0.104,7498,-0.255160524,0.1,FALSE,FALSE,null,en,eng,FALSE
9158,0.516536224,0.304,<0.5,1905,0.127344652,0.105,31854,1.372979285,0.425,FALSE,FALSE,The Empire State,en,eng,FALSE
293,-0.731697725,0.009,<0.5,1916,0.128079975,0.105,54683,2.899042829,0.729,FALSE,FALSE,Allianz Parque- SP,pt,others,FALSE
5108,-0.053722941,0.17,<0.5,1922,0.128481061,0.106,16210,0.327215647,0.216,FALSE,FALSE,null,en,eng,FALSE
82,-0.761407524,0.002,<0.5,1971,0.131756592,0.108,15336,0.268790856,0.204,TRUE,FALSE,Paris ,fr,others,FALSE
82,-0.761407524,0.002,<0.5,1971,0.131756592,0.108,15335,0.268724009,0.204,TRUE,FALSE,Paris ,fr,others,FALSE
82,-0.761407524,0.002,<0.5,1971,0.131756592,0.108,15335,0.268724009,0.204,TRUE,FALSE,Paris ,fr,others,FALSE
13953,1.191694914,0.464,<0.5,1982,0.132491916,0.109,11370,0.00367333,0.151,FALSE,FALSE,Warren- RI,en,eng,FALSE
160,-0.750424755,0.005,<0.5,1972,0.13182344,0.109,404,-0.7293773,0.005,FALSE,FALSE,London- England,en,eng,FALSE
14521,1.271672001,0.483,<0.5,1997,0.13349463,0.11,10539,-0.051877014,0.14,FALSE,FALSE,null,en,eng,FALSE
829,-0.656226389,0.027,<0.5,2064,0.137973418,0.114,1432,-0.660657982,0.019,FALSE,FALSE,null,en,eng,FALSE
829,-0.656226389,0.027,<0.5,2064,0.137973418,0.114,1431,-0.660724829,0.019,FALSE,FALSE,null,en,eng,FALSE
18935,1.893184088,0.63,>0.5,2107,0.140847864,0.116,8280,-0.202885712,0.11,FALSE,FALSE,null,en,eng,FALSE
1885,-0.507536592,0.062,<0.5,2113,0.14124895,0.116,5642,-0.379229644,0.075,FALSE,FALSE,Houston(Clear Lake),en,eng,FALSE
4973,-0.07273158,0.165,<0.5,2163,0.144591329,0.119,22915,0.775428712,0.305,FALSE,FALSE,London,en,eng,FALSE
4973,-0.07273158,0.165,<0.5,2163,0.144591329,0.119,22915,0.775428712,0.305,FALSE,FALSE,London,en,eng,FALSE
4880,-0.08582642,0.162,<0.5,2183,0.145928281,0.12,36836,1.706013959,0.491,FALSE,FALSE,north east,en,eng,FALSE
3056,-0.342654251,0.101,<0.5,2176,0.145460347,0.12,11219,-0.006420656,0.149,FALSE,FALSE,Leyland- England,en,eng,FALSE
4718,-0.108636786,0.157,<0.5,2275,0.152078259,0.125,23283,0.800028624,0.31,FALSE,FALSE,Vermont,en,eng,FALSE
2736,-0.387711765,0.091,<0.5,2279,0.152345649,0.125,3574,-0.517470452,0.047,FALSE,FALSE,null,en,eng,FALSE
0,-0.772953512,0,<0.5,2286,0.152813582,0.126,42675,2.096337014,0.569,FALSE,FALSE,London- England,en,eng,FALSE
0,-0.772953512,0,<0.5,2286,0.152813582,0.126,42674,2.096270167,0.569,FALSE,FALSE,London- England,en,eng,FALSE
22657,2.417259301,0.754,>0.5,2305,0.154083686,0.127,12820,0.10060233,0.171,FALSE,FALSE,null,en,eng,FALSE
8654,0.445570639,0.288,<0.5,2322,0.155220095,0.128,6135,-0.346273784,0.081,FALSE,FALSE,null,en,eng,FALSE
4064,-0.200723081,0.135,<0.5,2321,0.155153247,0.128,6492,-0.322409196,0.086,FALSE,FALSE,null,en,eng,FALSE
4064,-0.200723081,0.135,<0.5,2321,0.155153247,0.128,6490,-0.322542891,0.086,FALSE,FALSE,null,en,eng,FALSE
834,-0.655522365,0.027,<0.5,2341,0.156490199,0.129,5831,-0.36659545,0.077,FALSE,FALSE,Essex. united  kingdom,en,eng,FALSE
2242,-0.457269303,0.074,<0.5,2409,0.161035835,0.133,3086,-0.550092074,0.041,FALSE,FALSE,Romford- London,en,eng,FALSE
315,-0.728600021,0.01,<0.5,2429,0.162372787,0.134,19776,0.565594139,0.263,FALSE,FALSE,New Gotham!! ,en,eng,FALSE
28249,3.204639362,0.94,>0.5,2466,0.164846147,0.136,53124,2.794827442,0.709,FALSE,FALSE,null,en,eng,FALSE
8397,0.409383823,0.279,<0.5,2503,0.167319508,0.138,19222,0.528560576,0.256,FALSE,FALSE,Mike Leigh,en,eng,FALSE
25,-0.769433394,0,<0.5,2580,0.172466772,0.142,9427,-0.12621153,0.125,FALSE,FALSE,null,ko,others,FALSE
10394,0.690570872,0.345,<0.5,2592,0.173268943,0.143,16158,0.323739572,0.215,FALSE,FALSE,Newcastle UK / Los Angeles USA,en,eng,FALSE
10394,0.690570872,0.345,<0.5,2592,0.173268943,0.143,16156,0.323605877,0.215,FALSE,FALSE,Newcastle UK / Los Angeles USA,en,eng,FALSE
16507,1.551310199,0.549,>0.5,2674,0.178750445,0.147,36737,1.699396048,0.49,FALSE,FALSE,South Ockendon- Essex,en,eng,FALSE
3603,-0.265634062,0.119,<0.5,2668,0.17834936,0.147,16648,0.356494889,0.222,FALSE,FALSE,Virginia Beach,en,eng,FALSE
631,-0.684105726,0.021,<0.5,2697,0.18028794,0.149,2809,-0.568608855,0.037,FALSE,FALSE,United Kingdom,en,eng,FALSE
10851,0.754918635,0.361,<0.5,2744,0.183429776,0.151,1343,-0.666607417,0.017,FALSE,FALSE,Manchester- England,en,eng,FALSE
10851,0.754918635,0.361,<0.5,2744,0.183429776,0.151,1342,-0.666674264,0.017,FALSE,FALSE,Manchester- England,en,eng,FALSE
9219,0.525125312,0.306,<0.5,2759,0.18443249,0.152,17605,0.420468029,0.234,FALSE,FALSE,Westeros- TX,en,eng,FALSE
14632,1.287301327,0.487,<0.5,2770,0.185167814,0.153,22079,0.71954413,0.294,FALSE,FALSE,Francistown- Botswana,en,eng,FALSE
11103,0.790401427,0.369,<0.5,2784,0.18610368,0.153,54204,2.867022835,0.723,FALSE,FALSE,null,en,eng,FALSE
11102,0.790260623,0.369,<0.5,2784,0.18610368,0.153,54203,2.866955988,0.723,FALSE,FALSE,null,en,eng,FALSE
11102,0.790260623,0.369,<0.5,2784,0.18610368,0.153,54202,2.86688914,0.723,FALSE,FALSE,null,en,eng,FALSE
11102,0.790260623,0.369,<0.5,2784,0.18610368,0.153,54201,2.866822293,0.723,FALSE,FALSE,null,en,eng,FALSE
11102,0.790260623,0.369,<0.5,2784,0.18610368,0.153,54200,2.866755445,0.723,FALSE,FALSE,null,en,eng,FALSE
11639,0.865872764,0.387,<0.5,2793,0.186705308,0.154,23167,0.792274304,0.309,FALSE,FALSE,under the stairs,en,eng,FALSE
17212,1.650577535,0.572,>0.5,2817,0.18830965,0.155,13395,0.139039692,0.178,FALSE,FALSE,England,en,eng,FALSE
1190,-0.605395881,0.039,<0.5,2813,0.18804226,0.155,4627,-0.447079944,0.061,FALSE,FALSE,usa,en,eng,FALSE
18703,1.860517391,0.622,>0.5,2832,0.189312364,0.156,4765,-0.437854977,0.063,FALSE,FALSE,Graceville,en,eng,FALSE
18702,1.860376586,0.622,>0.5,2832,0.189312364,0.156,4763,-0.437988672,0.063,FALSE,FALSE,Graceville,en,eng,FALSE
18702,1.860376586,0.622,>0.5,2832,0.189312364,0.156,4762,-0.43805552,0.063,FALSE,FALSE,Graceville,en,eng,FALSE
16439,1.541735477,0.547,>0.5,2867,0.19165203,0.158,17937,0.442661428,0.239,FALSE,FALSE,null,en-gb,others,FALSE
17265,1.658040186,0.574,>0.5,2892,0.193323219,0.159,19916,0.574952801,0.265,FALSE,FALSE,Cardiff- ???????,en,eng,FALSE
462,-0.707901726,0.015,<0.5,2903,0.194058543,0.16,379,-0.73104849,0.005,FALSE,FALSE,Illinois,en,eng,FALSE
15693,1.436695147,0.522,>0.5,3193,0.213444343,0.176,8093,-0.21538621,0.108,FALSE,FALSE,Isabel Oakeshott??s attic,en,eng,FALSE
15359,1.389666367,0.511,>0.5,3197,0.213711733,0.176,7795,-0.235306791,0.104,FALSE,FALSE,South Hill- WA,en,eng,FALSE
25066,2.7564579,0.834,>0.5,3236,0.216318789,0.178,18188,0.459440172,0.242,FALSE,FALSE,Texas- USA,en,eng,FALSE
29372,3.362763076,0.977,>0.5,3313,0.221466053,0.183,26813,1.036000603,0.357,FALSE,FALSE,New Hampshire- USA,en,eng,FALSE
11530,0.850525048,0.383,<0.5,3371,0.225343213,0.186,18387,0.472742842,0.245,FALSE,FALSE,??BUY MY BOOK,en,eng,FALSE
7353,0.262383682,0.244,<0.5,3381,0.226011689,0.186,6338,-0.332703724,0.084,FALSE,FALSE,null,en,eng,FALSE
7353,0.262383682,0.244,<0.5,3381,0.226011689,0.186,6337,-0.332770572,0.084,FALSE,FALSE,null,en,eng,FALSE
7351,0.262102073,0.244,<0.5,3381,0.226011689,0.186,6295,-0.33557817,0.084,FALSE,FALSE,null,en,eng,FALSE
7179,0.237883659,0.238,<0.5,3393,0.22681386,0.187,3895,-0.496012377,0.051,FALSE,FALSE,null,en-gb,others,FALSE
3787,-0.239725992,0.126,<0.5,3407,0.227749726,0.188,11779,0.031013992,0.157,FALSE,FALSE,?MANCHESTER?ENGLAND?,en,eng,FALSE
5084,-0.057102254,0.169,<0.5,3458,0.231158953,0.191,10273,-0.069658472,0.137,FALSE,FALSE,null,en,eng,FALSE
12838,1.034697637,0.427,<0.5,3530,0.235971979,0.195,55357,2.944098102,0.738,FALSE,FALSE,330 ?? 317,en,eng,FALSE
23769,2.573834163,0.791,>0.5,3571,0.23871273,0.197,35343,1.606210513,0.471,FALSE,FALSE,Manchester uk,en,eng,FALSE
21264,2.221118309,0.707,>0.5,3760,0.251346924,0.207,54637,2.89596784,0.729,FALSE,FALSE,Florida- USA,en,eng,FALSE
15112,1.354887598,0.502,>0.5,3962,0.264850136,0.219,48110,2.459653645,0.642,FALSE,FALSE,Taipei City- Taiwan,en,eng,FALSE
2389,-0.436571007,0.079,<0.5,4021,0.268794144,0.222,6261,-0.337850988,0.083,FALSE,FALSE,United States? Divided States?,en,eng,FALSE
17549,1.69802873,0.584,>0.5,4066,0.271802285,0.224,13655,0.156420064,0.182,FALSE,FALSE,???????- ???,ar,others,FALSE
3861,-0.229306442,0.128,<0.5,4163,0.278286501,0.23,2066,-0.618276612,0.027,FALSE,FALSE,Coral Gables- FL,en,eng,FALSE
3422,-0.291119719,0.113,<0.5,4248,0.283968546,0.234,33741,1.49912068,0.45,FALSE,FALSE,eveywhere,en,eng,FALSE
18644,1.852209911,0.62,>0.5,4313,0.288313639,0.238,35761,1.634152804,0.477,FALSE,FALSE,England- United Kingdom,en,eng,FALSE
424,-0.713252305,0.014,<0.5,4374,0.292391342,0.241,232,-0.740875085,0.003,FALSE,FALSE,Liverpool- England,en,eng,FALSE
6086,0.083984087,0.202,<0.5,4544,0.303755432,0.251,8135,-0.212578612,0.108,FALSE,FALSE,Pennsylvania- USA,en,eng,FALSE
4918,-0.08047584,0.163,<0.5,4625,0.309170086,0.255,5096,-0.415728426,0.068,FALSE,FALSE,null,en,eng,FALSE
20566,2.122836606,0.684,>0.5,4742,0.316991254,0.262,18061,0.450950529,0.241,FALSE,FALSE,Malaysia,en,eng,FALSE
16867,1.601999903,0.561,>0.5,4759,0.318127663,0.263,2109,-0.615402166,0.028,FALSE,FALSE,Birmingham,en,eng,FALSE
16626,1.568065962,0.553,>0.5,4861,0.324946116,0.268,18774,0.498612858,0.25,FALSE,FALSE,Chicago- IL,en,eng,FALSE
4419,-0.150737401,0.147,<0.5,4879,0.326149373,0.269,23300,0.801165033,0.311,FALSE,FALSE,null,en,eng,FALSE
3720,-0.249159909,0.123,<0.5,4921,0.328956972,0.272,19363,0.537986086,0.258,FALSE,FALSE,Bergen- Norway,en,eng,FALSE
29854,3.430630957,0.993,>0.5,4943,0.330427618,0.273,19286,0.532838822,0.257,FALSE,FALSE,null,en,eng,FALSE
15632,1.428106059,0.52,>0.5,4966,0.331965113,0.274,10267,-0.070059558,0.137,FALSE,FALSE,Barnegat Light- NJ,en,eng,FALSE
3527,-0.276335222,0.117,<0.5,4960,0.331564027,0.274,602,-0.716141478,0.008,FALSE,FALSE,Kenya,en,eng,FALSE
21221,2.215063706,0.706,>0.5,4992,0.33370315,0.275,13521,0.147462487,0.18,FALSE,FALSE,Yorktown- IN,en,eng,FALSE
2503,-0.420519268,0.083,<0.5,5001,0.334304778,0.276,5553,-0.385179079,0.074,FALSE,FALSE,England,en,eng,FALSE
11412,0.83391009,0.379,<0.5,5533,0.369867694,0.305,55303,2.940488333,0.738,FALSE,FALSE,London,en,eng,FALSE
21785,2.294477575,0.725,>0.5,5942,0.397208357,0.328,12579,0.084492061,0.167,FALSE,FALSE,USA,en,eng,FALSE
20256,2.079187139,0.674,>0.5,6182,0.413251778,0.341,32573,1.421042699,0.434,FALSE,FALSE,imagine being serious,en,eng,FALSE
1090,-0.619476354,0.036,<0.5,6606,0.441595154,0.365,8268,-0.203687883,0.11,FALSE,FALSE,En las canchas,es,others,FALSE
16513,1.552155028,0.549,>0.5,6667,0.445672857,0.368,36823,1.70514494,0.491,FALSE,FALSE,Join as a member,en,eng,FALSE
348,-0.723953465,0.011,<0.5,6965,0.465593438,0.385,5393,-0.395874693,0.071,FALSE,FALSE,United States,en,eng,FALSE
27798,3.141136428,0.925,>0.5,7073,0.472812977,0.391,56374,3.012082097,0.752,FALSE,FALSE,e-spurs@live.co.uk,en,eng,FALSE
23395,2.521173193,0.778,>0.5,7433,0.496878108,0.41,40925,1.979353739,0.546,FALSE,FALSE,Paul Pogba,en,eng,FALSE
16728,1.582428045,0.556,>0.5,7477,0.499819402,0.413,16905,0.373674719,0.225,FALSE,FALSE,England,en,eng,FALSE
18612,1.84770416,0.619,>0.5,11625,0.777103189,0.642,38785,1.836299904,0.517,FALSE,FALSE,St Petersburg Beach- FL ??,en,eng,FALSE
11705,0.875165876,0.389,<0.5,16819,1.124309552,0.929,57369,3.078595446,0.765,FALSE,FALSE,Manahawkin- New Jersey,en,eng,FALSE
0,-0.772953512,0,<0.5,18088,1.209139139,1,36054,1.653739146,0.481,FALSE,FALSE,null,en,eng,FALSE
,,,<0.5,,,,,,,,,,,,
,,,<0.5,,,,,,,,,,,,
5489.542155,,,<0.5,853.1651054,,,11315.04918,,,,,,,others,
7102.034043,,,<0.5,1423.856447,,,14959.40328,,,,,,,others,
